"Luas  Panen   Produktivitas  dan  Produksi  Padi  Menurut Kecamatan di Kabupaten Sukabumi, 2023",,,,,,
"Harvested Area  Productivity and Production of Paddy by Subdistric in Sukabumi Regency, 2023",,,,,,
"Kecamatan
Subdistrict","Luas Panen (ha)
Harvested Area (ha)",,"Produktivitas (ku/ha)
Productivity (qu/ha)
",,"Produksi (ton)
Production (ton)",
,Padi Sawah, Padi Gogo,Padi Sawah, Padi Gogo,Padi Sawah,Padi Gogo
(1),(2),(3),(4),(5),(6),(7)
Ciemas,"6,819","1,333",56.12,35.00,"38,268.23","4,665.50"
Ciracap,"6,093",92,56.96,47.00,"34,705.73",432.40
Waluran,"3,658","1,140",55.91,41.00,"20,451.88","4,674.00"
Surade,"6,445",536,58.33,45.00,"37,593.69","2,412.00"
Cibitung,"2,035",79,55.59,35.00,"11,312.57",276.50
Jampang Kulon,"4,127",313,56.07,36.00,"23,140.09","1,126.80"
Cimanggu,"2,932",397,57.81,35.00,"16,949.89","1,389.50"
Kalibunder,"3,399","1,278",59.73,46.00,"20,302.23","5,878.80"
Tegalbuleud,"3,961","2,983",56.77,39.00,"22,486.60","11,633.70"
Cidolog,"1,961",-,55.03,-,"10,791.38",-
Sagaranten,"3,338",689,55.00,33.00,"18,359.00","2,273.70"
Cidadap,"2,054",232,55.02,32.00,"11,301.11",742.40
Curugkembar,"3,157",271,55.19,34.00,"17,423.48",921.40
Pabuaran,"3,774","1,618",56.17,32.00,"21,198.56","5,177.60"
Lengkong,"1,151",940,55.54,40.00,"6,392.65","3,760.00"
Palabuhanratu,"2,520",72,57.10,35.00,"14,389.20",252.00
Simpenan,"1,936",139,57.20,35.00,"11,073.92",486.50
Warungkiara,"2,686",179,56.94,50.00,"15,294.08",895.00
Bantargadung,"1,550",26,54.17,30.00,"8,396.35",78.00
Jampang Tengah,"3,218","1,445",56.82,38.00,"18,284.68","5,491.00"
Purabaya,"2,564",302,56.33,36.00,"14,443.01","1,087.20"
Cikembar,"2,872",1,58.28,35.00,"16,738.02",3.50
Nyalindung,"2,405",22,55.87,35.00,"13,436.74",77.00
Gegerbitung,"2,821",11,60.82,52.00,"17,157.32",57.20
Sukaraja,"2,404",-,61.85,-,"14,868.74",-
Kebonpedes,"1,281",-,60.76,-,"7,783.36",-
Cireunghas,"1,147",-,59.81,-,"6,860.21",-
Sukalarang,"1,354",-,58.47,-,"7,916.84",-
Sukabumi,980,-,58.82,-,"5,764.36",-
Kadudampit,"1,031",-,58.37,-,"6,017.95",-
Cisaat,"2,424",-,57.67,-,"13,979.21",-
Gunungguruh,976,-,59.34,-,"5,791.58",-
Cibadak,"1,362",-,55.09,-,"7,503.26",-
Cicantayan,"1,306",-,55.06,-,"7,190.84",-
Caringin,"2,285",-,57.35,-,"13,104.48",-
Nagrak,"2,807",-,57.38,-,"16,106.57",-
Ciambar,671,-,59.04,-,"3,961.58",-
Cicurug,"1,039",-,57.69,-,"5,993.99",-
Cidahu,"2,137",-,58.13,-,"12,422.38",-
Parakansalak,"1,544",-,58.56,-,"9,041.66",-
Parungkuda,"1,065",-,58.60,-,"6,240.90",-
Bojonggenteng,"1,163",-,56.86,-,"6,612.82",-
Kalapanunggal,"1,217",-,58.45,-,"7,113.37",-
Cikidang,"1,629",-,58.97,-,"9,606.21",-
Cisolok,"2,423","1,000",56.04,35.00,"13,578.49","3,500.00"
Cikakak,"2,028",100,56.78,43.00,"11,514.98",430.00
Kabandungan,"1,442",289,58.52,35.00,"8,438.58","1,011.50"
Sukabumi,"113,191","15,487",57.19,37.92,"647,302.74","58,733.20"