date,name,fires,co,ai
2019-07-01,Sumatra,211,,
2019-07-01,Kalimantan,69,,
2019-07-01,Pekanbaru,,30.15,-1.244
2019-07-01,Palangka Raya,,25.85,-1.726
2019-07-01,Pontianak,,26.2,-1.749
2019-07-01,Singapore,,29.75,-1.736
2019-07-01,Kuching,,25.99,-1.751
2019-07-01,Kuala Lumpur,,28.78,-1.342
2019-07-02,Sumatra,19,,
2019-07-02,Kalimantan,0,,
2019-07-02,Pekanbaru,,28.1,-0.8504
2019-07-02,Palangka Raya,,,-1.404
2019-07-02,Pontianak,,27.44,-1.837
2019-07-02,Singapore,,,-1.595
2019-07-02,Kuching,,26.97,-1.946
2019-07-02,Kuala Lumpur,,28.59,-0.3779
2019-07-03,Sumatra,6,,
2019-07-03,Kalimantan,34.02,,
2019-07-03,Pekanbaru,,28.9,-1.078
2019-07-03,Palangka Raya,,21.68,-1.681
2019-07-03,Pontianak,,,-1.634
2019-07-03,Singapore,,,-0.6402
2019-07-03,Kuching,,26.75,-1.342
2019-07-03,Kuala Lumpur,,33.48,-0.8508
2019-07-04,Sumatra,259,,
2019-07-04,Kalimantan,0,,
2019-07-04,Pekanbaru,,30.9,-1.935
2019-07-04,Palangka Raya,,,-1.458
2019-07-04,Pontianak,,,-0.3731
2019-07-04,Singapore,,30.55,-1.44
2019-07-04,Kuching,,,-0.7111
2019-07-04,Kuala Lumpur,,35.77,-1.473
2019-07-05,Sumatra,34,,
2019-07-05,Kalimantan,99,,
2019-07-05,Pekanbaru,,29.11,-2.047
2019-07-05,Palangka Raya,,26.6,-0.9577
2019-07-05,Pontianak,,26.63,-1.42
2019-07-05,Singapore,,27.34,-1.615
2019-07-05,Kuching,,28.39,-1.466
2019-07-05,Kuala Lumpur,,29.56,-1.974
2019-07-06,Sumatra,179,,
2019-07-06,Kalimantan,14,,
2019-07-06,Pekanbaru,,28.71,-1.495
2019-07-06,Palangka Raya,,26,-1.414
2019-07-06,Pontianak,,26.36,-1.742
2019-07-06,Singapore,,28.84,-1.859
2019-07-06,Kuching,,26.99,-1.596
2019-07-06,Kuala Lumpur,,30.98,-1.457
2019-07-07,Sumatra,57,,
2019-07-07,Kalimantan,53,,
2019-07-07,Pekanbaru,,,-0.4163
2019-07-07,Palangka Raya,,23.24,-1.9
2019-07-07,Pontianak,,26.98,-1.963
2019-07-07,Singapore,,28.6,-1.356
2019-07-07,Kuching,,27.24,-2.109
2019-07-07,Kuala Lumpur,,,-1.493
2019-07-08,Sumatra,104,,
2019-07-08,Kalimantan,112,,
2019-07-08,Pekanbaru,,30.08,-1.515
2019-07-08,Palangka Raya,,24.04,-1.742
2019-07-08,Pontianak,,26.2,-1.439
2019-07-08,Singapore,,28.18,-0.5732
2019-07-08,Kuching,,25.24,-1.698
2019-07-08,Kuala Lumpur,,29.63,-0.8029
2019-07-09,Sumatra,0,,
2019-07-09,Kalimantan,26,,
2019-07-09,Pekanbaru,,28.74,-1.583
2019-07-09,Palangka Raya,,22.64,-1.262
2019-07-09,Pontianak,,24.7,-0.8775
2019-07-09,Singapore,,,-1.071
2019-07-09,Kuching,,,-0.316
2019-07-09,Kuala Lumpur,,27.22,-1.354
2019-07-10,Sumatra,9,,
2019-07-10,Kalimantan,119.7,,
2019-07-10,Pekanbaru,,27.31,-1.855
2019-07-10,Palangka Raya,,25.53,-1.048
2019-07-10,Pontianak,,23.92,-1.544
2019-07-10,Singapore,,25.75,-1.811
2019-07-10,Kuching,,24.16,-1.358
2019-07-10,Kuala Lumpur,,26.32,-1.859
2019-07-11,Sumatra,237.3,,
2019-07-11,Kalimantan,0,,
2019-07-11,Pekanbaru,,27.56,-1.836
2019-07-11,Palangka Raya,,25.11,-1.667
2019-07-11,Pontianak,,24.58,-1.822
2019-07-11,Singapore,,25.02,-1.77
2019-07-11,Kuching,,25.5,-1.699
2019-07-11,Kuala Lumpur,,28.33,-1.52
2019-07-12,Sumatra,19,,
2019-07-12,Kalimantan,36,,
2019-07-12,Pekanbaru,,26.55,-1.191
2019-07-12,Palangka Raya,,26.04,-1.944
2019-07-12,Pontianak,,27.04,-1.646
2019-07-12,Singapore,,24.96,-1.582
2019-07-12,Kuching,,,-1.009
2019-07-12,Kuala Lumpur,,25.11,-1.206
2019-07-13,Sumatra,404,,
2019-07-13,Kalimantan,77,,
2019-07-13,Pekanbaru,,26.86,-1.162
2019-07-13,Palangka Raya,,24.75,-2.111
2019-07-13,Pontianak,,25.73,-1.896
2019-07-13,Singapore,,25.05,-0.8186
2019-07-13,Kuching,,26.43,-1.669
2019-07-13,Kuala Lumpur,,27.01,-0.5261
2019-07-14,Sumatra,93,,
2019-07-14,Kalimantan,199.3,,
2019-07-14,Pekanbaru,,30.48,-1.597
2019-07-14,Palangka Raya,,26.77,-1.554
2019-07-14,Pontianak,,27.21,-1.095
2019-07-14,Singapore,,27.42,-1.411
2019-07-14,Kuching,,,-1.344
2019-07-14,Kuala Lumpur,,28.96,-0.3778
2019-07-15,Sumatra,47.23,,
2019-07-15,Kalimantan,224.5,,
2019-07-15,Pekanbaru,,31.19,-1.891
2019-07-15,Palangka Raya,,26.06,-0.8628
2019-07-15,Pontianak,,25.68,-1.571
2019-07-15,Singapore,,,-0.9265
2019-07-15,Kuching,,25.63,-1.081
2019-07-15,Kuala Lumpur,,29.57,-1.516
2019-07-16,Sumatra,18,,
2019-07-16,Kalimantan,184,,
2019-07-16,Pekanbaru,,30.69,-2.069
2019-07-16,Palangka Raya,,27.04,-1.08
2019-07-16,Pontianak,,26.2,-1.569
2019-07-16,Singapore,,30.34,-1.741
2019-07-16,Kuching,,27.72,-1.421
2019-07-16,Kuala Lumpur,,31.58,-1.58
2019-07-17,Sumatra,62.76,,
2019-07-17,Kalimantan,270.9,,
2019-07-17,Pekanbaru,,28.67,-1.689
2019-07-17,Palangka Raya,,37.45,-1.331
2019-07-17,Pontianak,,25.11,-1.771
2019-07-17,Singapore,,31.21,-1.803
2019-07-17,Kuching,,25.48,-1.609
2019-07-17,Kuala Lumpur,,29.17,-1.404
2019-07-18,Sumatra,126,,
2019-07-18,Kalimantan,15,,
2019-07-18,Pekanbaru,,30.13,-0.5663
2019-07-18,Palangka Raya,,30.52,-1.768
2019-07-18,Pontianak,,28.41,-1.842
2019-07-18,Singapore,,,-1.42
2019-07-18,Kuching,,,-2.27
2019-07-18,Kuala Lumpur,,29.01,-0.1224
2019-07-19,Sumatra,39,,
2019-07-19,Kalimantan,112,,
2019-07-19,Pekanbaru,,30.96,-1.543
2019-07-19,Palangka Raya,,24.94,-1.849
2019-07-19,Pontianak,,29.02,-1.375
2019-07-19,Singapore,,27.95,-1.019
2019-07-19,Kuching,,29.73,-1.76
2019-07-19,Kuala Lumpur,,29.79,-1.07
2019-07-20,Sumatra,210.8,,
2019-07-20,Kalimantan,105,,
2019-07-20,Pekanbaru,,28.72,-1.704
2019-07-20,Palangka Raya,,,-0.8639
2019-07-20,Pontianak,,31.77,-1.179
2019-07-20,Singapore,,26.94,-1.264
2019-07-20,Kuching,,26.93,-1.053
2019-07-20,Kuala Lumpur,,29.45,-1.387
2019-07-21,Sumatra,32,,
2019-07-21,Kalimantan,60,,
2019-07-21,Pekanbaru,,26.57,-1.994
2019-07-21,Palangka Raya,,28.46,-1.097
2019-07-21,Pontianak,,30.44,-0.9868
2019-07-21,Singapore,,26.24,-1.489
2019-07-21,Kuching,,,-1.147
2019-07-21,Kuala Lumpur,,28.4,-1.461
2019-07-22,Sumatra,90.76,,
2019-07-22,Kalimantan,102,,
2019-07-22,Pekanbaru,,30.32,-1.724
2019-07-22,Palangka Raya,,29.65,-1.554
2019-07-22,Pontianak,,29.01,-1.306
2019-07-22,Singapore,,31.15,-1.665
2019-07-22,Kuching,,,-1.255
2019-07-22,Kuala Lumpur,,31.15,-1.075
2019-07-23,Sumatra,25,,
2019-07-23,Kalimantan,132.8,,
2019-07-23,Pekanbaru,,31.66,-0.4387
2019-07-23,Palangka Raya,,27.33,-1.428
2019-07-23,Pontianak,,27.91,-2.059
2019-07-23,Singapore,,29.4,-1.1
2019-07-23,Kuching,,,-1.747
2019-07-23,Kuala Lumpur,,,-0.9308
2019-07-24,Sumatra,63.11,,
2019-07-24,Kalimantan,140,,
2019-07-24,Pekanbaru,,31.56,-1.282
2019-07-24,Palangka Raya,,30.59,-1.698
2019-07-24,Pontianak,,26.74,-1.418
2019-07-24,Singapore,,28.49,-0.6217
2019-07-24,Kuching,,25.62,-1.575
2019-07-24,Kuala Lumpur,,30.68,-0.5765
2019-07-25,Sumatra,173,,
2019-07-25,Kalimantan,128,,
2019-07-25,Pekanbaru,,29.83,-1.521
2019-07-25,Palangka Raya,,31.69,-0.5503
2019-07-25,Pontianak,,27.13,-0.4992
2019-07-25,Singapore,,26.78,-1.16
2019-07-25,Kuching,,,-0.7288
2019-07-25,Kuala Lumpur,,29.17,-0.703
2019-07-26,Sumatra,205.7,,
2019-07-26,Kalimantan,343,,
2019-07-26,Pekanbaru,,31.46,-2.038
2019-07-26,Palangka Raya,,36.05,-0.6568
2019-07-26,Pontianak,,27.32,-1.406
2019-07-26,Singapore,,27.08,-1.628
2019-07-26,Kuching,,,-0.8466
2019-07-26,Kuala Lumpur,,29.25,-1.785
2019-07-27,Sumatra,519.5,,
2019-07-27,Kalimantan,21,,
2019-07-27,Pekanbaru,,34.84,-1.647
2019-07-27,Palangka Raya,,47.47,-0.7551
2019-07-27,Pontianak,,28.46,-1.974
2019-07-27,Singapore,,28.58,-1.965
2019-07-27,Kuching,,27.01,-1.606
2019-07-27,Kuala Lumpur,,30.44,-1.91
2019-07-28,Sumatra,129,,
2019-07-28,Kalimantan,495.5,,
2019-07-28,Pekanbaru,,33.76,-1.373
2019-07-28,Palangka Raya,,30.98,-1.67
2019-07-28,Pontianak,,27.66,-2.023
2019-07-28,Singapore,,30.11,-1.876
2019-07-28,Kuching,,26.82,-1.618
2019-07-28,Kuala Lumpur,,28.55,-1.319
2019-07-29,Sumatra,491.2,,
2019-07-29,Kalimantan,97,,
2019-07-29,Pekanbaru,,32.58,-1.091
2019-07-29,Palangka Raya,,30.47,-2.007
2019-07-29,Pontianak,,26.91,-1.734
2019-07-29,Singapore,,30.25,-0.9037
2019-07-29,Kuching,,29.08,-1.903
2019-07-29,Kuala Lumpur,,31.61,-0.4399
2019-07-30,Sumatra,139,,
2019-07-30,Kalimantan,467.7,,
2019-07-30,Pekanbaru,,36.77,-1.53
2019-07-30,Palangka Raya,,31.88,-1.528
2019-07-30,Pontianak,,30.76,-0.1484
2019-07-30,Singapore,,31.93,-1.196
2019-07-30,Kuching,,,-1.574
2019-07-30,Kuala Lumpur,,32.15,-1.257
2019-07-31,Sumatra,671.4,,
2019-07-31,Kalimantan,475.6,,
2019-07-31,Pekanbaru,,34.45,-1.802
2019-07-31,Palangka Raya,,32.72,-0.5657
2019-07-31,Pontianak,,29.18,-1.053
2019-07-31,Singapore,,29.78,-1.418
2019-07-31,Kuching,,29.59,-1.063
2019-07-31,Kuala Lumpur,,36.52,-1.58
2019-08-01,Sumatra,560,,
2019-08-01,Kalimantan,338.5,,
2019-08-01,Pekanbaru,,40.8,-1.835
2019-08-01,Palangka Raya,,29.57,-0.7692
2019-08-01,Pontianak,,29.98,-1.606
2019-08-01,Singapore,,29.83,-1.606
2019-08-01,Kuching,,28.41,-1.53
2019-08-01,Kuala Lumpur,,33.91,-1.949
2019-08-02,Sumatra,779.1,,
2019-08-02,Kalimantan,482.1,,
2019-08-02,Pekanbaru,,35.98,-1.314
2019-08-02,Palangka Raya,,33.44,-1.632
2019-08-02,Pontianak,,28.67,-1.746
2019-08-02,Singapore,,32.84,-1.495
2019-08-02,Kuching,,31.05,-1.952
2019-08-02,Kuala Lumpur,,33.83,-1.48
2019-08-03,Sumatra,370.6,,
2019-08-03,Kalimantan,417.8,,
2019-08-03,Pekanbaru,,34.88,-0.4799
2019-08-03,Palangka Raya,,29.3,-1.498
2019-08-03,Pontianak,,31.44,-1.78
2019-08-03,Singapore,,,-1.481
2019-08-03,Kuching,,29.99,-1.842
2019-08-03,Kuala Lumpur,,34.15,-0.431
2019-08-04,Sumatra,345.4,,
2019-08-04,Kalimantan,1554,,
2019-08-04,Pekanbaru,,33.74,-1.171
2019-08-04,Palangka Raya,,38.94,-1.538
2019-08-04,Pontianak,,31.1,-1.364
2019-08-04,Singapore,,32.84,-0.746
2019-08-04,Kuching,,31.64,-1.436
2019-08-04,Kuala Lumpur,,35.23,-0.9986
2019-08-05,Sumatra,710.7,,
2019-08-05,Kalimantan,485,,
2019-08-05,Pekanbaru,,31.52,-1.644
2019-08-05,Palangka Raya,,,-1.579
2019-08-05,Pontianak,,43.08,-0.927
2019-08-05,Singapore,,30.91,-1.243
2019-08-05,Kuching,,29.97,-1.023
2019-08-05,Kuala Lumpur,,31.91,-1.322
2019-08-06,Sumatra,124,,
2019-08-06,Kalimantan,1195,,
2019-08-06,Pekanbaru,,32,-1.895
2019-08-06,Palangka Raya,,41.03,-0.51
2019-08-06,Pontianak,,38.97,-1.453
2019-08-06,Singapore,,30.73,-1.574
2019-08-06,Kuching,,,-1.03
2019-08-06,Kuala Lumpur,,32.27,-1.9
2019-08-07,Sumatra,481.4,,
2019-08-07,Kalimantan,729.5,,
2019-08-07,Pekanbaru,,32.65,-1.594
2019-08-07,Palangka Raya,,45.17,-1.313
2019-08-07,Pontianak,,36.95,-1.631
2019-08-07,Singapore,,33.16,-1.827
2019-08-07,Kuching,,,-1.745
2019-08-07,Kuala Lumpur,,33.74,-1.208
2019-08-08,Sumatra,228,,
2019-08-08,Kalimantan,370,,
2019-08-08,Pekanbaru,,37.33,-0.6994
2019-08-08,Palangka Raya,,36.96,-1.511
2019-08-08,Pontianak,,,-2.178
2019-08-08,Singapore,,31.44,-1.471
2019-08-08,Kuching,,,-2.051
2019-08-08,Kuala Lumpur,,,-1.378
2019-08-09,Sumatra,382,,
2019-08-09,Kalimantan,1581,,
2019-08-09,Pekanbaru,,34.1,-1.024
2019-08-09,Palangka Raya,,48.15,-1.5
2019-08-09,Pontianak,,,-1.822
2019-08-09,Singapore,,33.5,-0.7505
2019-08-09,Kuching,,,-2.093
2019-08-09,Kuala Lumpur,,,-0.5818
2019-08-10,Sumatra,87,,
2019-08-10,Kalimantan,699,,
2019-08-10,Pekanbaru,,,-1.396
2019-08-10,Palangka Raya,,58.61,-1.109
2019-08-10,Pontianak,,69.36,-0.09673
2019-08-10,Singapore,,31.68,-0.9913
2019-08-10,Kuching,,35.29,-0.2589
2019-08-10,Kuala Lumpur,,32.95,-0.7896
2019-08-11,Sumatra,646.8,,
2019-08-11,Kalimantan,3430,,
2019-08-11,Pekanbaru,,30.11,-1.655
2019-08-11,Palangka Raya,,84.22,0.007243
2019-08-11,Pontianak,,54.61,-0.8798
2019-08-11,Singapore,,26.56,-1.544
2019-08-11,Kuching,,31.3,-0.9956
2019-08-11,Kuala Lumpur,,31.45,-1.761
2019-08-12,Sumatra,953.3,,
2019-08-12,Kalimantan,756,,
2019-08-12,Pekanbaru,,36.16,-1.917
2019-08-12,Palangka Raya,,69.86,-0.2485
2019-08-12,Pontianak,,43.44,-1.653
2019-08-12,Singapore,,28.53,-2.087
2019-08-12,Kuching,,36.98,-1.43
2019-08-12,Kuala Lumpur,,30.75,-2.068
2019-08-13,Sumatra,294,,
2019-08-13,Kalimantan,2796,,
2019-08-13,Pekanbaru,,34.83,-1.508
2019-08-13,Palangka Raya,,93.3,-0.8
2019-08-13,Pontianak,,43.79,-2.113
2019-08-13,Singapore,,29.85,-1.637
2019-08-13,Kuching,,37.91,-2.104
2019-08-13,Kuala Lumpur,,29.04,-1.468
2019-08-14,Sumatra,674.7,,
2019-08-14,Kalimantan,1129,,
2019-08-14,Pekanbaru,,46.43,-0.3059
2019-08-14,Palangka Raya,,80.32,-1.026
2019-08-14,Pontianak,,39.91,-1.345
2019-08-14,Singapore,,35.22,-0.4365
2019-08-14,Kuching,,43.36,-1.728
2019-08-14,Kuala Lumpur,,,-0.4579
2019-08-15,Sumatra,224,,
2019-08-15,Kalimantan,799.5,,
2019-08-15,Pekanbaru,,49.08,-1.234
2019-08-15,Palangka Raya,,52.6,-1.258
2019-08-15,Pontianak,,,0.2226
2019-08-15,Singapore,,37.19,-1.527
2019-08-15,Kuching,,,-1.643
2019-08-15,Kuala Lumpur,,39.4,-0.7204
2019-08-16,Sumatra,636.6,,
2019-08-16,Kalimantan,1426,,
2019-08-16,Pekanbaru,,,-1.659
2019-08-16,Palangka Raya,,67.54,-0.1241
2019-08-16,Pontianak,,43.65,-1.34
2019-08-16,Singapore,,37.42,-1.578
2019-08-16,Kuching,,41.67,-1.337
2019-08-16,Kuala Lumpur,,41.99,-1.379
2019-08-17,Sumatra,409.4,,
2019-08-17,Kalimantan,1654,,
2019-08-17,Pekanbaru,,43.2,-2.133
2019-08-17,Palangka Raya,,53.66,-0.8691
2019-08-17,Pontianak,,39.01,-1.714
2019-08-17,Singapore,,41.5,-1.775
2019-08-17,Kuching,,36.57,-1.469
2019-08-17,Kuala Lumpur,,42.42,-2.202
2019-08-18,Sumatra,777.8,,
2019-08-18,Kalimantan,1749,,
2019-08-18,Pekanbaru,,42.73,-0.976
2019-08-18,Palangka Raya,,31.69,-0.5674
2019-08-18,Pontianak,,51.84,-1.859
2019-08-18,Singapore,,33.74,-1.722
2019-08-18,Kuching,,,-1.341
2019-08-18,Kuala Lumpur,,36.25,-1.536
2019-08-19,Sumatra,821.3,,
2019-08-19,Kalimantan,183,,
2019-08-19,Pekanbaru,,42.4,-0.7152
2019-08-19,Palangka Raya,,38.52,-1.209
2019-08-19,Pontianak,,55.92,-1.377
2019-08-19,Singapore,,,-1.255
2019-08-19,Kuching,,34.79,-1.9
2019-08-19,Kuala Lumpur,,36.47,-0.5922
2019-08-20,Sumatra,771.4,,
2019-08-20,Kalimantan,669.9,,
2019-08-20,Pekanbaru,,45.1,-1.244
2019-08-20,Palangka Raya,,33.95,-2.114
2019-08-20,Pontianak,,,-1.531
2019-08-20,Singapore,,39.46,-0.9691
2019-08-20,Kuching,,,-2.108
2019-08-20,Kuala Lumpur,,37.9,-0.9851
2019-08-21,Sumatra,1173,,
2019-08-21,Kalimantan,516.3,,
2019-08-21,Pekanbaru,,46.35,-1.989
2019-08-21,Palangka Raya,,,-1.114
2019-08-21,Pontianak,,41.17,-0.8796
2019-08-21,Singapore,,38.27,-1.567
2019-08-21,Kuching,,39.23,-1.143
2019-08-21,Kuala Lumpur,,42.16,-0.8978
2019-08-22,Sumatra,448.6,,
2019-08-22,Kalimantan,2369,,
2019-08-22,Pekanbaru,,55.8,-1.648
2019-08-22,Palangka Raya,,33.66,-1.159
2019-08-22,Pontianak,,39.41,-1.516
2019-08-22,Singapore,,37.98,-1.82
2019-08-22,Kuching,,44.46,-1.116
2019-08-22,Kuala Lumpur,,51.84,-1.917
2019-08-23,Sumatra,1747,,
2019-08-23,Kalimantan,535.6,,
2019-08-23,Pekanbaru,,37.45,-1.539
2019-08-23,Palangka Raya,,33.2,-1.401
2019-08-23,Pontianak,,39.73,-0.8335
2019-08-23,Singapore,,33.24,-1.84
2019-08-23,Kuching,,41.84,-1.742
2019-08-23,Kuala Lumpur,,41.72,-1.803
2019-08-24,Sumatra,579,,
2019-08-24,Kalimantan,97,,
2019-08-24,Pekanbaru,,45.67,-0.1635
2019-08-24,Palangka Raya,,35.64,-1.383
2019-08-24,Pontianak,,39.62,-1.682
2019-08-24,Singapore,,32.72,-1.493
2019-08-24,Kuching,,,-2.124
2019-08-24,Kuala Lumpur,,,-1.361
2019-08-25,Sumatra,390.5,,
2019-08-25,Kalimantan,82,,
2019-08-25,Pekanbaru,,57.03,-0.4082
2019-08-25,Palangka Raya,,33.88,-2.019
2019-08-25,Pontianak,,42.69,-1.68
2019-08-25,Singapore,,36.88,-0.3872
2019-08-25,Kuching,,39.55,-2.248
2019-08-25,Kuala Lumpur,,44.63,-0.8717
2019-08-26,Sumatra,202,,
2019-08-26,Kalimantan,65,,
2019-08-26,Pekanbaru,,58.69,-1.274
2019-08-26,Palangka Raya,,32.79,-1.656
2019-08-26,Pontianak,,36.99,-0.5897
2019-08-26,Singapore,,48.43,-1.279
2019-08-26,Kuching,,38.94,-0.6493
2019-08-26,Kuala Lumpur,,38.33,-1.155
2019-08-27,Sumatra,94,,
2019-08-27,Kalimantan,134.5,,
2019-08-27,Pekanbaru,,49.64,-2.401
2019-08-27,Palangka Raya,,,-0.5694
2019-08-27,Pontianak,,45.85,-0.5887
2019-08-27,Singapore,,43.85,-1.488
2019-08-27,Kuching,,42.73,-0.8439
2019-08-27,Kuala Lumpur,,37.39,-1.331
2019-08-28,Sumatra,9,,
2019-08-28,Kalimantan,14,,
2019-08-28,Pekanbaru,,,-2.122
2019-08-28,Palangka Raya,,35.01,-1.592
2019-08-28,Pontianak,,41.54,-1.406
2019-08-28,Singapore,,,-1.124
2019-08-28,Kuching,,,-1.138
2019-08-28,Kuala Lumpur,,36.22,-1.785
2019-08-29,Sumatra,26,,
2019-08-29,Kalimantan,2312,,
2019-08-29,Pekanbaru,,38.03,-1.923
2019-08-29,Palangka Raya,,32.19,-1.961
2019-08-29,Pontianak,,38.63,-2.138
2019-08-29,Singapore,,36.39,-1.797
2019-08-29,Kuching,,37.01,-1.578
2019-08-29,Kuala Lumpur,,36.58,-1.781
2019-08-30,Sumatra,605.6,,
2019-08-30,Kalimantan,799.9,,
2019-08-30,Pekanbaru,,35.01,-0.6759
2019-08-30,Palangka Raya,,34.68,-1.955
2019-08-30,Pontianak,,35.06,-1.904
2019-08-30,Singapore,,,0.1817
2019-08-30,Kuching,,,-2.083
2019-08-30,Kuala Lumpur,,33.93,-0.674
2019-08-31,Sumatra,684,,
2019-08-31,Kalimantan,1631,,
2019-08-31,Pekanbaru,,34.79,-1.26
2019-08-31,Palangka Raya,,33.67,-1.388
2019-08-31,Pontianak,,38.1,-0.6559
2019-08-31,Singapore,,36.59,-1.296
2019-08-31,Kuching,,,-0.9762
2019-08-31,Kuala Lumpur,,33.83,-1.302
2019-09-01,Sumatra,1445,,
2019-09-01,Kalimantan,740.8,,
2019-09-01,Pekanbaru,,36.57,-2.014
2019-09-01,Palangka Raya,,37.81,-0.3388
2019-09-01,Pontianak,,45.64,-0.7183
2019-09-01,Singapore,,38.05,-1.58
2019-09-01,Kuching,,34.85,-1.217
2019-09-01,Kuala Lumpur,,37.46,-1.768
2019-09-02,Sumatra,221,,
2019-09-02,Kalimantan,1588,,
2019-09-02,Pekanbaru,,41.23,-2.044
2019-09-02,Palangka Raya,,44.33,-1.188
2019-09-02,Pontianak,,43,-1.244
2019-09-02,Singapore,,42.23,-1.999
2019-09-02,Kuching,,44.12,-1.509
2019-09-02,Kuala Lumpur,,39.13,-2.168
2019-09-03,Sumatra,541.7,,
2019-09-03,Kalimantan,4099,,
2019-09-03,Pekanbaru,,38.46,-1.613
2019-09-03,Palangka Raya,,77.67,-1.281
2019-09-03,Pontianak,,45.44,-2.11
2019-09-03,Singapore,,45.84,-1.45
2019-09-03,Kuching,,44.72,-1.856
2019-09-03,Kuala Lumpur,,36.41,-1.334
2019-09-04,Sumatra,657,,
2019-09-04,Kalimantan,2556,,
2019-09-04,Pekanbaru,,40.36,-0.6451
2019-09-04,Palangka Raya,,62.27,-1.247
2019-09-04,Pontianak,,48.44,-1.587
2019-09-04,Singapore,,,-1.355
2019-09-04,Kuching,,43.8,-1.856
2019-09-04,Kuala Lumpur,,39.88,-0.2815
2019-09-05,Sumatra,919,,
2019-09-05,Kalimantan,8298,,
2019-09-05,Pekanbaru,,48.61,-1.554
2019-09-05,Palangka Raya,,96.82,0.08684
2019-09-05,Pontianak,,47.33,-0.5212
2019-09-05,Singapore,,42.07,-1.038
2019-09-05,Kuching,,56.97,-1.104
2019-09-05,Kuala Lumpur,,36.04,-0.4282
2019-09-06,Sumatra,1052,,
2019-09-06,Kalimantan,2899,,
2019-09-06,Pekanbaru,,51.17,-1.19
2019-09-06,Palangka Raya,,,-0.1142
2019-09-06,Pontianak,,75.02,-0.5934
2019-09-06,Singapore,,40.06,-1.538
2019-09-06,Kuching,,,-0.1655
2019-09-06,Kuala Lumpur,,43.68,-1.223
2019-09-07,Sumatra,510.4,,
2019-09-07,Kalimantan,4033,,
2019-09-07,Pekanbaru,,47.92,-2.027
2019-09-07,Palangka Raya,,81.46,-0.1391
2019-09-07,Pontianak,,68.05,-0.8547
2019-09-07,Singapore,,36.5,-1.767
2019-09-07,Kuching,,82.33,-0.5817
2019-09-07,Kuala Lumpur,,39.7,-1.74
2019-09-08,Sumatra,2738,,
2019-09-08,Kalimantan,1651,,
2019-09-08,Pekanbaru,,56.78,-1.286
2019-09-08,Palangka Raya,,74.84,-0.9986
2019-09-08,Pontianak,,71.08,-0.7327
2019-09-08,Singapore,,43.74,-1.879
2019-09-08,Kuching,,77.92,-1.16
2019-09-08,Kuala Lumpur,,45.21,-1.595
2019-09-09,Sumatra,1332,,
2019-09-09,Kalimantan,3559,,
2019-09-09,Pekanbaru,,50.24,-0.1588
2019-09-09,Palangka Raya,,71.6,-1.106
2019-09-09,Pontianak,,67.31,-1.102
2019-09-09,Singapore,,57.5,-0.7594
2019-09-09,Kuching,,75.17,-1.54
2019-09-09,Kuala Lumpur,,,-0.893
2019-09-10,Sumatra,2518,,
2019-09-10,Kalimantan,4666,,
2019-09-10,Pekanbaru,,82.97,-0.3665
2019-09-10,Palangka Raya,,118.6,0.1896
2019-09-10,Pontianak,,72.56,-0.09098
2019-09-10,Singapore,,60.83,-1.068
2019-09-10,Kuching,,74.11,-1.329
2019-09-10,Kuala Lumpur,,52.92,-0.8599
2019-09-11,Sumatra,3475,,
2019-09-11,Kalimantan,3974,,
2019-09-11,Pekanbaru,,60.97,-1.449
2019-09-11,Palangka Raya,,148.6,0.7215
2019-09-11,Pontianak,,88.47,-0.05047
2019-09-11,Singapore,,57.44,-1.459
2019-09-11,Kuching,,61.65,-0.7812
2019-09-11,Kuala Lumpur,,64.66,-1.012
2019-09-12,Sumatra,2637,,
2019-09-12,Kalimantan,6469,,
2019-09-12,Pekanbaru,,119.4,2.522
2019-09-12,Palangka Raya,,102.4,0.6841
2019-09-12,Pontianak,,104,0.2348
2019-09-12,Singapore,,56.67,-1.819
2019-09-12,Kuching,,57.14,-1.048
2019-09-12,Kuala Lumpur,,69.47,-1.242
2019-09-13,Sumatra,2053,,
2019-09-13,Kalimantan,3587,,
2019-09-13,Pekanbaru,,147.4,1.377
2019-09-13,Palangka Raya,,153.8,1.368
2019-09-13,Pontianak,,97,-1.333
2019-09-13,Singapore,,83.01,-0.3
2019-09-13,Kuching,,77.65,-1.559
2019-09-13,Kuala Lumpur,,66.13,-0.9714
2019-09-14,Sumatra,976.3,,
2019-09-14,Kalimantan,8025,,
2019-09-14,Pekanbaru,,,-0.9107
2019-09-14,Palangka Raya,,218.7,1.172
2019-09-14,Pontianak,,105.8,-1.367
2019-09-14,Singapore,,72.18,-1.009
2019-09-14,Kuching,,98.26,-1.31
2019-09-14,Kuala Lumpur,,49.46,-1.312
2019-09-15,Sumatra,1529,,
2019-09-15,Kalimantan,2755,,
2019-09-15,Pekanbaru,,107.1,0.4162
2019-09-15,Palangka Raya,,327.2,4.21
2019-09-15,Pontianak,,118.3,-0.6271
2019-09-15,Singapore,,,0.1668
2019-09-15,Kuching,,,-1.657
2019-09-15,Kuala Lumpur,,51.8,0.02635
2019-09-16,Sumatra,981,,
2019-09-16,Kalimantan,3325,,
2019-09-16,Pekanbaru,,105,-0.3464
2019-09-16,Palangka Raya,,236.2,2.534
2019-09-16,Pontianak,,127.1,0.3926
2019-09-16,Singapore,,67.55,-0.6352
2019-09-16,Kuching,,,-0.02836
2019-09-16,Kuala Lumpur,,,-0.2934
2019-09-17,Sumatra,2699,,
2019-09-17,Kalimantan,1018,,
2019-09-17,Pekanbaru,,80.91,-0.5525
2019-09-17,Palangka Raya,,130.8,0.7604
2019-09-17,Pontianak,,99.37,0.1604
2019-09-17,Singapore,,88.97,0.1929
2019-09-17,Kuching,,79.01,-0.1702
2019-09-17,Kuala Lumpur,,70.21,-1.516
2019-09-18,Sumatra,1522,,
2019-09-18,Kalimantan,4048,,
2019-09-18,Pekanbaru,,108.4,-0.2207
2019-09-18,Palangka Raya,,128.2,0.8083
2019-09-18,Pontianak,,106.2,-0.9094
2019-09-18,Singapore,,90.98,-0.7078
2019-09-18,Kuching,,119.1,-0.9162
2019-09-18,Kuala Lumpur,,52.25,-1.202
2019-09-19,Sumatra,2297,,
2019-09-19,Kalimantan,5935,,
2019-09-19,Pekanbaru,,85.81,1.036
2019-09-19,Palangka Raya,,206.7,3.33
2019-09-19,Pontianak,,103.8,-0.4495
2019-09-19,Singapore,,,-1.382
2019-09-19,Kuching,,93.21,-1.483
2019-09-19,Kuala Lumpur,,86.68,-0.9391
2019-09-20,Sumatra,2169,,
2019-09-20,Kalimantan,1840,,
2019-09-20,Pekanbaru,,124.7,1.518
2019-09-20,Palangka Raya,,130.3,1.148
2019-09-20,Pontianak,,135.2,1.682
2019-09-20,Singapore,,,1.166
2019-09-20,Kuching,,94.3,-1.393
2019-09-20,Kuala Lumpur,,62.04,0.04071
2019-09-21,Sumatra,3533,,
2019-09-21,Kalimantan,3117,,
2019-09-21,Pekanbaru,,119.6,1.286
2019-09-21,Palangka Raya,,130.8,1.309
2019-09-21,Pontianak,,,-0.3803
2019-09-21,Singapore,,66.46,-0.6364
2019-09-21,Kuching,,104.3,-1.384
2019-09-21,Kuala Lumpur,,101.3,0.4046
2019-09-22,Sumatra,3937,,
2019-09-22,Kalimantan,1200,,
2019-09-22,Pekanbaru,,188.7,4.618
2019-09-22,Palangka Raya,,,-0.3105
2019-09-22,Pontianak,,122.4,0.07959
2019-09-22,Singapore,,87.83,-1.417
2019-09-22,Kuching,,,-0.2184
2019-09-22,Kuala Lumpur,,113.2,1.364
2019-09-23,Sumatra,547,,
2019-09-23,Kalimantan,3970,,
2019-09-23,Pekanbaru,,143,0.9515
2019-09-23,Palangka Raya,,154,2.347
2019-09-23,Pontianak,,,-1.005
2019-09-23,Singapore,,,-1.211
2019-09-23,Kuching,,64.92,-1.708
2019-09-23,Kuala Lumpur,,75.54,-1.653
2019-09-24,Sumatra,837.1,,
2019-09-24,Kalimantan,1477,,
2019-09-24,Pekanbaru,,80.33,-1.733
2019-09-24,Palangka Raya,,172.7,2.26
2019-09-24,Pontianak,,67.48,-1.557
2019-09-24,Singapore,,65.89,-1.989
2019-09-24,Kuching,,47.74,-1.816
2019-09-24,Kuala Lumpur,,66.32,-2.005
2019-09-25,Sumatra,142,,
2019-09-25,Kalimantan,5211,,
2019-09-25,Pekanbaru,,78.52,-0.1118
2019-09-25,Palangka Raya,,135.1,1.071
2019-09-25,Pontianak,,115.4,-0.6978
2019-09-25,Singapore,,,-1.374
2019-09-25,Kuching,,117.8,-1.119
2019-09-25,Kuala Lumpur,,,-1.852
2019-09-26,Sumatra,626.4,,
2019-09-26,Kalimantan,1587,,
2019-09-26,Pekanbaru,,92.07,-1.318
2019-09-26,Palangka Raya,,119,1.156
2019-09-26,Pontianak,,,-1.164
2019-09-26,Singapore,,80.06,-1.106
2019-09-26,Kuching,,,-1.256
2019-09-26,Kuala Lumpur,,59.97,-0.9995
2019-09-27,Sumatra,238,,
2019-09-27,Kalimantan,100.5,,
2019-09-27,Pekanbaru,,82.19,-1.476
2019-09-27,Palangka Raya,,,-1.343
2019-09-27,Pontianak,,87.64,-0.7763
2019-09-27,Singapore,,66.8,-1.286
2019-09-27,Kuching,,57.05,-0.3993
2019-09-27,Kuala Lumpur,,61.78,-0.9933
2019-09-28,Sumatra,442.3,,
2019-09-28,Kalimantan,1074,,
2019-09-28,Pekanbaru,,69.06,-2.55
2019-09-28,Palangka Raya,,56.74,-0.5448
2019-09-28,Pontianak,,63.6,-0.827
2019-09-28,Singapore,,59.28,-1.977
2019-09-28,Kuching,,53.57,-1.342
2019-09-28,Kuala Lumpur,,37.85,-1.555
2019-09-29,Sumatra,487.6,,
2019-09-29,Kalimantan,168,,
2019-09-29,Pekanbaru,,63.32,-1.765
2019-09-29,Palangka Raya,,114.7,-0.5301
2019-09-29,Pontianak,,67.03,-1.454
2019-09-29,Singapore,,53.76,-1.604
2019-09-29,Kuching,,53.03,-1.561
2019-09-29,Kuala Lumpur,,36.86,-1.551
2019-09-30,Sumatra,275,,
2019-09-30,Kalimantan,583.6,,
2019-09-30,Pekanbaru,,,-1.89
2019-09-30,Palangka Raya,,61.33,0.1733
2019-09-30,Pontianak,,61.79,-2.075
2019-09-30,Singapore,,52.07,-1.698
2019-09-30,Kuching,,42.07,-1.697
2019-09-30,Kuala Lumpur,,,-1.666
2019-10-01,Sumatra,1407,,
2019-10-01,Kalimantan,307.7,,
2019-10-01,Pekanbaru,,,-0.2242
2019-10-01,Palangka Raya,,84.82,-0.533
2019-10-01,Pontianak,,47.12,-2.171
2019-10-01,Singapore,,43.87,-0.2052
2019-10-01,Kuching,,45.04,-2.364
2019-10-01,Kuala Lumpur,,33.74,-0.3605
2019-10-02,Sumatra,79,,
2019-10-02,Kalimantan,534.9,,
2019-10-02,Pekanbaru,,50.45,-0.635
2019-10-02,Palangka Raya,,58.15,-0.9436
2019-10-02,Pontianak,,40.52,-0.04298
2019-10-02,Singapore,,,-0.3962
2019-10-02,Kuching,,,-1.912
2019-10-02,Kuala Lumpur,,42.33,-0.8868
2019-10-03,Sumatra,162,,
2019-10-03,Kalimantan,29,,
2019-10-03,Pekanbaru,,57.09,-1.497
2019-10-03,Palangka Raya,,37.53,-0.4302
2019-10-03,Pontianak,,44.43,-0.7106
2019-10-03,Singapore,,41.45,-1.337
2019-10-03,Kuching,,,-0.3311
2019-10-03,Kuala Lumpur,,45.9,-1.365
2019-10-04,Sumatra,385,,
2019-10-04,Kalimantan,112,,
2019-10-04,Pekanbaru,,42.06,-2.488
2019-10-04,Palangka Raya,,39,-0.1123
2019-10-04,Pontianak,,40.31,-0.8746
2019-10-04,Singapore,,37.54,-0.6925
2019-10-04,Kuching,,39.6,-1.174
2019-10-04,Kuala Lumpur,,44.5,-2.277
2019-10-05,Sumatra,824.5,,
2019-10-05,Kalimantan,580.4,,
2019-10-05,Pekanbaru,,39.01,-1.64
2019-10-05,Palangka Raya,,41.78,-1.745
2019-10-05,Pontianak,,38.28,-1.858
2019-10-05,Singapore,,36.97,-1.928
2019-10-05,Kuching,,37.6,-1.669
2019-10-05,Kuala Lumpur,,36.66,-1.416
2019-10-06,Sumatra,323.9,,
2019-10-06,Kalimantan,243,,
2019-10-06,Pekanbaru,,38.98,-0.8308
2019-10-06,Palangka Raya,,47.18,-2.043
2019-10-06,Pontianak,,40.64,-2.129
2019-10-06,Singapore,,,-1.545
2019-10-06,Kuching,,34.21,-2.241
2019-10-06,Kuala Lumpur,,34.1,-0.3948
2019-10-07,Sumatra,200,,
2019-10-07,Kalimantan,119,,
2019-10-07,Pekanbaru,,51.96,-1.405
2019-10-07,Palangka Raya,,,-2.236
2019-10-07,Pontianak,,,-1.596
2019-10-07,Singapore,,,-0.3858
2019-10-07,Kuching,,29.44,-1.715
2019-10-07,Kuala Lumpur,,34.36,-0.2808
2019-10-08,Sumatra,645.9,,
2019-10-08,Kalimantan,181.3,,
2019-10-08,Pekanbaru,,34.7,-1.422
2019-10-08,Palangka Raya,,,-1.282
2019-10-08,Pontianak,,31.56,-0.6349
2019-10-08,Singapore,,29.89,-0.8843
2019-10-08,Kuching,,,-0.3032
2019-10-08,Kuala Lumpur,,30.69,-1.445
2019-10-09,Sumatra,472,,
2019-10-09,Kalimantan,1701,,
2019-10-09,Pekanbaru,,39.42,-2.48
2019-10-09,Palangka Raya,,42.77,-1.197
2019-10-09,Pontianak,,33.58,-0.6221
2019-10-09,Singapore,,30.79,-1.485
2019-10-09,Kuching,,37.73,-1.172
2019-10-09,Kuala Lumpur,,28.34,-1.497
2019-10-10,Sumatra,1140,,
2019-10-10,Kalimantan,527.3,,
2019-10-10,Pekanbaru,,41.58,-1.433
2019-10-10,Palangka Raya,,49.56,-1.166
2019-10-10,Pontianak,,33.42,-2.132
2019-10-10,Singapore,,32.27,-1.801
2019-10-10,Kuching,,35.08,-1.743
2019-10-10,Kuala Lumpur,,30.93,-1.98
2019-10-11,Sumatra,225,,
2019-10-11,Kalimantan,331,,
2019-10-11,Pekanbaru,,36.76,-0.5011
2019-10-11,Palangka Raya,,54.77,-1.757
2019-10-11,Pontianak,,34.45,-1.685
2019-10-11,Singapore,,30.76,-1.915
2019-10-11,Kuching,,32.18,-2.037
2019-10-11,Kuala Lumpur,,,-0.867
2019-10-12,Sumatra,914.2,,
2019-10-12,Kalimantan,183.7,,
2019-10-12,Pekanbaru,,40.41,-1.276
2019-10-12,Palangka Raya,,49.13,-2.194
2019-10-12,Pontianak,,39.13,-2.068
2019-10-12,Singapore,,,-0.2955
2019-10-12,Kuching,,,-2.248
2019-10-12,Kuala Lumpur,,32.15,-0.1415
2019-10-13,Sumatra,1612,,
2019-10-13,Kalimantan,512.6,,
2019-10-13,Pekanbaru,,46.6,-1.317
2019-10-13,Palangka Raya,,41.37,-1.54
2019-10-13,Pontianak,,,-0.297
2019-10-13,Singapore,,30.48,-0.5862
2019-10-13,Kuching,,,-0.0198
2019-10-13,Kuala Lumpur,,29.15,-0.6387
2019-10-14,Sumatra,3060,,
2019-10-14,Kalimantan,1118,,
2019-10-14,Pekanbaru,,53.2,-1.319
2019-10-14,Palangka Raya,,48.34,-0.8743
2019-10-14,Pontianak,,41.26,-0.9935
2019-10-14,Singapore,,35.48,-1.749
2019-10-14,Kuching,,40.29,-1.335
2019-10-14,Kuala Lumpur,,35,-1.44
2019-10-15,Sumatra,1861,,
2019-10-15,Kalimantan,41,,
2019-10-15,Pekanbaru,,51.45,-1.111
2019-10-15,Palangka Raya,,51.01,-1.074
2019-10-15,Pontianak,,38.81,-1.25
2019-10-15,Singapore,,37.99,-2.191
2019-10-15,Kuching,,,-1.056
2019-10-15,Kuala Lumpur,,33,-2.003
2019-10-16,Sumatra,463.3,,
2019-10-16,Kalimantan,109,,
2019-10-16,Pekanbaru,,58.02,-0.5256
2019-10-16,Palangka Raya,,38.8,-1.858
2019-10-16,Pontianak,,37.11,-2.141
2019-10-16,Singapore,,34.73,-1.716
2019-10-16,Kuching,,,-2.262
2019-10-16,Kuala Lumpur,,29.9,-1.146
2019-10-17,Sumatra,997.5,,
2019-10-17,Kalimantan,188.8,,
2019-10-17,Pekanbaru,,39.59,-0.5942
2019-10-17,Palangka Raya,,40.02,-2.506
2019-10-17,Pontianak,,35.42,-1.876
2019-10-17,Singapore,,,-0.1375
2019-10-17,Kuching,,32.56,-1.954
2019-10-17,Kuala Lumpur,,34.74,-0.1559
2019-10-18,Sumatra,277.4,,
2019-10-18,Kalimantan,174.3,,
2019-10-18,Pekanbaru,,49.92,-1.166
2019-10-18,Palangka Raya,,34.04,-2.227
2019-10-18,Pontianak,,39.03,0.06764
2019-10-18,Singapore,,,-0.4468
2019-10-18,Kuching,,,-2.367
2019-10-18,Kuala Lumpur,,,-0.7092
2019-10-19,Sumatra,667.7,,
2019-10-19,Kalimantan,0,,
2019-10-19,Pekanbaru,,51.03,-2.166
2019-10-19,Palangka Raya,,,-0.1466
2019-10-19,Pontianak,,,-0.3153
2019-10-19,Singapore,,35.44,-1.316
2019-10-19,Kuching,,31.66,-0.3958
2019-10-19,Kuala Lumpur,,31.56,-1.727
2019-10-20,Sumatra,345.9,,
2019-10-20,Kalimantan,90.63,,
2019-10-20,Pekanbaru,,34.62,-2.655
2019-10-20,Palangka Raya,,29.77,-0.8941
2019-10-20,Pontianak,,29.59,-1.535
2019-10-20,Singapore,,30.19,-1.438
2019-10-20,Kuching,,25.08,-0.8122
2019-10-20,Kuala Lumpur,,27.09,-2.125
2019-10-21,Sumatra,517.8,,
2019-10-21,Kalimantan,271,,
2019-10-21,Pekanbaru,,32.65,-1.937
2019-10-21,Palangka Raya,,35.72,-1.765
2019-10-21,Pontianak,,32.55,-2.262
2019-10-21,Singapore,,30.46,-1.735
2019-10-21,Kuching,,27.26,-1.703
2019-10-21,Kuala Lumpur,,25.91,-1.829
2019-10-22,Sumatra,350,,
2019-10-22,Kalimantan,563.4,,
2019-10-22,Pekanbaru,,,-0.01178
2019-10-22,Palangka Raya,,37.07,-2.163
2019-10-22,Pontianak,,,-2.12
2019-10-22,Singapore,,,-1.749
2019-10-22,Kuching,,,-1.768
2019-10-22,Kuala Lumpur,,,-0.03395
2019-10-23,Sumatra,994.4,,
2019-10-23,Kalimantan,1470,,
2019-10-23,Pekanbaru,,36.33,-1.281
2019-10-23,Palangka Raya,,41.47,-1.709
2019-10-23,Pontianak,,,-1.992
2019-10-23,Singapore,,29.52,-0.324
2019-10-23,Kuching,,,-2.126
2019-10-23,Kuala Lumpur,,28.36,-0.6752
2019-10-24,Sumatra,2899,,
2019-10-24,Kalimantan,494.3,,
2019-10-24,Pekanbaru,,44.96,-2.208
2019-10-24,Palangka Raya,,,-1.55
2019-10-24,Pontianak,,36.99,-0.8478
2019-10-24,Singapore,,27.53,-0.8282
2019-10-24,Kuching,,,-0.6339
2019-10-24,Kuala Lumpur,,31.03,-1.212
2019-10-25,Sumatra,521.3,,
2019-10-25,Kalimantan,518,,
2019-10-25,Pekanbaru,,28.97,-1.286
2019-10-25,Palangka Raya,,53.07,-0.9066
2019-10-25,Pontianak,,35.76,-1.298
2019-10-25,Singapore,,28.85,-1.57
2019-10-25,Kuching,,33.16,-1.017
2019-10-25,Kuala Lumpur,,30.74,-1.921
2019-10-26,Sumatra,567,,
2019-10-26,Kalimantan,0,,
2019-10-26,Pekanbaru,,35.04,-2.477
2019-10-26,Palangka Raya,,,-1.114
2019-10-26,Pontianak,,41.49,-1.452
2019-10-26,Singapore,,,-1.232
2019-10-26,Kuching,,35.52,-1.543
2019-10-26,Kuala Lumpur,,,-1.843
2019-10-27,Sumatra,156,,
2019-10-27,Kalimantan,155.4,,
2019-10-27,Pekanbaru,,38.55,-0.1279
2019-10-27,Palangka Raya,,38.38,-1.504
2019-10-27,Pontianak,,39.61,-2.228
2019-10-27,Singapore,,32.54,-1.821
2019-10-27,Kuching,,30.92,-1.634
2019-10-27,Kuala Lumpur,,,-1.438
2019-10-28,Sumatra,213.8,,
2019-10-28,Kalimantan,242.6,,
2019-10-28,Pekanbaru,,46.51,-0.8481
2019-10-28,Palangka Raya,,38.6,-2.507
2019-10-28,Pontianak,,,-1.978
2019-10-28,Singapore,,37.58,-0.3477
2019-10-28,Kuching,,32.59,-2.18
2019-10-28,Kuala Lumpur,,,-0.315
2019-10-29,Sumatra,347.3,,
2019-10-29,Kalimantan,518,,
2019-10-29,Pekanbaru,,55.28,-1.951
2019-10-29,Palangka Raya,,41.82,-2.051
2019-10-29,Pontianak,,37.08,-0.7035
2019-10-29,Singapore,,40.53,-1.287
2019-10-29,Kuching,,35.09,-0.8337
2019-10-29,Kuala Lumpur,,33.5,-0.8279
2019-10-30,Sumatra,335.7,,
2019-10-30,Kalimantan,746,,
2019-10-30,Pekanbaru,,47.46,-2.554
2019-10-30,Palangka Raya,,55.32,-0.2132
2019-10-30,Pontianak,,36.17,-0.8914
2019-10-30,Singapore,,35.46,-1.066
2019-10-30,Kuching,,33.99,-0.8831
2019-10-30,Kuala Lumpur,,32.92,-1.69
2019-10-31,Sumatra,428.9,,
2019-10-31,Kalimantan,15,,
2019-10-31,Pekanbaru,,50.32,-2.413
2019-10-31,Palangka Raya,,55.9,-1.458
2019-10-31,Pontianak,,41.87,-1.515
2019-10-31,Singapore,,36.87,-1.551
2019-10-31,Kuching,,42.18,-1.542
2019-10-31,Kuala Lumpur,,32.06,-2.053
2019-11-01,Sumatra,290.5,,
2019-11-01,Kalimantan,28,,
2019-11-01,Pekanbaru,,,-1.567
2019-11-01,Palangka Raya,,46.41,-1.208
2019-11-01,Pontianak,,42.04,-2.084
2019-11-01,Singapore,,47,-1.996
2019-11-01,Kuching,,35.24,-2.241
2019-11-01,Kuala Lumpur,,36.39,-1.713
2019-11-02,Sumatra,570,,
2019-11-02,Kalimantan,51,,
2019-11-02,Pekanbaru,,40.27,-0.5129
2019-11-02,Palangka Raya,,,
2019-11-02,Pontianak,,,
2019-11-02,Singapore,,45.31,-0.4063
2019-11-02,Kuching,,,
2019-11-02,Kuala Lumpur,,,-0.3082
2019-11-03,Sumatra,129,,
2019-11-03,Kalimantan,405.8,,
2019-11-03,Pekanbaru,,40.67,-1.087
2019-11-03,Palangka Raya,,37.26,-2.148
2019-11-03,Pontianak,,,-0.2702
2019-11-03,Singapore,,44.31,-0.8511
2019-11-03,Kuching,,,-1.707
2019-11-03,Kuala Lumpur,,39.47,-0.9581
2019-11-04,Sumatra,435.7,,
2019-11-04,Kalimantan,498.4,,
2019-11-04,Pekanbaru,,40.03,-2.217
2019-11-04,Palangka Raya,,38.43,-0.5584
2019-11-04,Pontianak,,38.93,-0.3736
2019-11-04,Singapore,,38.66,-1.153
2019-11-04,Kuching,,39.63,-0.8102
2019-11-04,Kuala Lumpur,,38.69,-1.062
2019-11-05,Sumatra,48,,
2019-11-05,Kalimantan,975.1,,
2019-11-05,Pekanbaru,,36.99,-2.565
2019-11-05,Palangka Raya,,42.4,-1.237
2019-11-05,Pontianak,,36.93,-1.374
2019-11-05,Singapore,,42.48,-1.335
2019-11-05,Kuching,,39.33,-1.174
2019-11-05,Kuala Lumpur,,40.66,-2.093
2019-11-06,Sumatra,505.3,,
2019-11-06,Kalimantan,605.4,,
2019-11-06,Pekanbaru,,,-1.803
2019-11-06,Palangka Raya,,55.7,-1.551
2019-11-06,Pontianak,,41.63,-2.493
2019-11-06,Singapore,,47.52,-2.093
2019-11-06,Kuching,,39.63,-1.954
2019-11-06,Kuala Lumpur,,38.23,-1.52
2019-11-07,Sumatra,907,,
2019-11-07,Kalimantan,647.8,,
2019-11-07,Pekanbaru,,39.21,-0.5616
2019-11-07,Palangka Raya,,57.49,-1.691
2019-11-07,Pontianak,,42.25,-2.179
2019-11-07,Singapore,,,-1.232
2019-11-07,Kuching,,43.4,-2.117
2019-11-07,Kuala Lumpur,,36.33,-0.0001952
2019-11-08,Sumatra,508.2,,
2019-11-08,Kalimantan,1526,,
2019-11-08,Pekanbaru,,42.81,-0.7319
2019-11-08,Palangka Raya,,59.34,-1.083
2019-11-08,Pontianak,,,-1.809
2019-11-08,Singapore,,,-0.3387
2019-11-08,Kuching,,41.1,-1.562
2019-11-08,Kuala Lumpur,,35.43,-0.6336
2019-11-09,Sumatra,1209,,
2019-11-09,Kalimantan,231.7,,
2019-11-09,Pekanbaru,,37.54,-1.763
2019-11-09,Palangka Raya,,,-0.8103
2019-11-09,Pontianak,,46.13,-0.1818
2019-11-09,Singapore,,42.18,-0.9847
2019-11-09,Kuching,,,-0.2519
2019-11-09,Kuala Lumpur,,35.97,-1.418
2019-11-10,Sumatra,446,,
2019-11-10,Kalimantan,1371,,
2019-11-10,Pekanbaru,,40.29,-2.296
2019-11-10,Palangka Raya,,51.33,-0.7061
2019-11-10,Pontianak,,43.1,-1.366
2019-11-10,Singapore,,48.84,-1.841
2019-11-10,Kuching,,41.19,-0.9695
2019-11-10,Kuala Lumpur,,36.37,-2.085
2019-11-11,Sumatra,1246,,
2019-11-11,Kalimantan,281.1,,
2019-11-11,Pekanbaru,,,-2.001
2019-11-11,Palangka Raya,,53.55,-1.608
2019-11-11,Pontianak,,47.97,-2.077
2019-11-11,Singapore,,45.22,-2.033
2019-11-11,Kuching,,41.09,-1.962
2019-11-11,Kuala Lumpur,,35.66,-1.195
2019-11-12,Sumatra,204,,
2019-11-12,Kalimantan,235.5,,
2019-11-12,Pekanbaru,,71.62,-0.462
2019-11-12,Palangka Raya,,53,-1.519
2019-11-12,Pontianak,,45.96,-2.732
2019-11-12,Singapore,,55.33,-1.421
2019-11-12,Kuching,,40.35,-1.791
2019-11-12,Kuala Lumpur,,,-1.315
2019-11-13,Sumatra,203,,
2019-11-13,Kalimantan,68.51,,
2019-11-13,Pekanbaru,,46.4,-0.9197
2019-11-13,Palangka Raya,,41.85,-2.61
2019-11-13,Pontianak,,40.15,-1.957
2019-11-13,Singapore,,41.76,-0.1664
2019-11-13,Kuching,,37.61,-1.498
2019-11-13,Kuala Lumpur,,44.93,-0.1852
2019-11-14,Sumatra,0,,
2019-11-14,Kalimantan,80.25,,
2019-11-14,Pekanbaru,,45.68,-0.5795
2019-11-14,Palangka Raya,,40.57,-2.029
2019-11-14,Pontianak,,39.69,-0.5801
2019-11-14,Singapore,,43.87,-0.9361
2019-11-14,Kuching,,39.49,-0.7394
2019-11-14,Kuala Lumpur,,46.19,-0.779
2019-11-15,Sumatra,15,,
2019-11-15,Kalimantan,283,,
2019-11-15,Pekanbaru,,45.14,-1.537
2019-11-15,Palangka Raya,,41.86,-1.078
2019-11-15,Pontianak,,40.17,-1.281
2019-11-15,Singapore,,,-1.902
2019-11-15,Kuching,,39.8,-0.9251
2019-11-15,Kuala Lumpur,,,-0.8589
2019-11-16,Sumatra,240.8,,
2019-11-16,Kalimantan,213,,
2019-11-16,Pekanbaru,,42.82,-2.29
2019-11-16,Palangka Raya,,43.95,-1.515
2019-11-16,Pontianak,,36.56,-1.661
2019-11-16,Singapore,,40.33,-1.955
2019-11-16,Kuching,,37.18,-1.37
2019-11-16,Kuala Lumpur,,37.87,-2.094
2019-11-17,Sumatra,209,,
2019-11-17,Kalimantan,641,,
2019-11-17,Pekanbaru,,41.76,-1.367
2019-11-17,Palangka Raya,,45.22,-1.893
2019-11-17,Pontianak,,36.65,-2.529
2019-11-17,Singapore,,39.55,-2.049
2019-11-17,Kuching,,35.05,-2.406
2019-11-17,Kuala Lumpur,,35.74,-1.528
2019-11-18,Sumatra,424.6,,
2019-11-18,Kalimantan,13,,
2019-11-18,Pekanbaru,,40.4,-1.223
2019-11-18,Palangka Raya,,43.02,-2.291
2019-11-18,Pontianak,,,-1.651
2019-11-18,Singapore,,36.35,0.03628
2019-11-18,Kuching,,37.37,-2.068
2019-11-18,Kuala Lumpur,,36.58,-0.07244
2019-11-19,Sumatra,19,,
2019-11-19,Kalimantan,146.5,,
2019-11-19,Pekanbaru,,38.64,-0.3872
2019-11-19,Palangka Raya,,39.59,-1.866
2019-11-19,Pontianak,,38.31,-0.1258
2019-11-19,Singapore,,36.42,-0.5179
2019-11-19,Kuching,,,-1.516
2019-11-19,Kuala Lumpur,,35.7,-0.4495
2019-11-20,Sumatra,61.95,,
2019-11-20,Kalimantan,44.54,,
2019-11-20,Pekanbaru,,35.1,-1.369
2019-11-20,Palangka Raya,,46.4,-0.6696
2019-11-20,Pontianak,,34.18,-0.6709
2019-11-20,Singapore,,,-0.6669
2019-11-20,Kuching,,34.65,-0.9502
2019-11-20,Kuala Lumpur,,37.96,-1.543
2019-11-21,Sumatra,28,,
2019-11-21,Kalimantan,144.9,,
2019-11-21,Pekanbaru,,,-2.59
2019-11-21,Palangka Raya,,44.56,-0.5961
2019-11-21,Pontianak,,36.98,-1.09
2019-11-21,Singapore,,,-0.9548
2019-11-21,Kuching,,34.49,-1.341
2019-11-21,Kuala Lumpur,,32.59,-2.557
2019-11-22,Sumatra,18,,
2019-11-22,Kalimantan,87.17,,
2019-11-22,Pekanbaru,,35.97,-2.037
2019-11-22,Palangka Raya,,38.85,-1.77
2019-11-22,Pontianak,,38.16,-2.108
2019-11-22,Singapore,,36.15,-1.667
2019-11-22,Kuching,,34.53,-1.609
2019-11-22,Kuala Lumpur,,,-1.676
2019-11-23,Sumatra,21,,
2019-11-23,Kalimantan,32.72,,
2019-11-23,Pekanbaru,,34.81,-0.6396
2019-11-23,Palangka Raya,,40.45,-2.638
2019-11-23,Pontianak,,41.43,-2.357
2019-11-23,Singapore,,,-1.589
2019-11-23,Kuching,,36.84,-2.197
2019-11-23,Kuala Lumpur,,,0.07957
2019-11-24,Sumatra,13,,
2019-11-24,Kalimantan,43.55,,
2019-11-24,Pekanbaru,,34.52,-1.518
2019-11-24,Palangka Raya,,,-1.893
2019-11-24,Pontianak,,34.99,-1.974
2019-11-24,Singapore,,32.43,-0.3775
2019-11-24,Kuching,,,-2.196
2019-11-24,Kuala Lumpur,,35.6,-0.8554
2019-11-25,Sumatra,339.4,,
2019-11-25,Kalimantan,26,,
2019-11-25,Pekanbaru,,34.78,-1.865
2019-11-25,Palangka Raya,,,-1.64
2019-11-25,Pontianak,,33.96,-0.4655
2019-11-25,Singapore,,33.33,-1.191
2019-11-25,Kuching,,30.87,-0.9049
2019-11-25,Kuala Lumpur,,33.04,-1.287
2019-11-26,Sumatra,0,,
2019-11-26,Kalimantan,227.6,,
2019-11-26,Pekanbaru,,35.35,-2.192
2019-11-26,Palangka Raya,,,-0.3445
2019-11-26,Pontianak,,,-0.3912
2019-11-26,Singapore,,29.96,-1.525
2019-11-26,Kuching,,33.33,-1.015
2019-11-26,Kuala Lumpur,,30.29,-1.818
2019-11-27,Sumatra,284.9,,
2019-11-27,Kalimantan,90.87,,
2019-11-27,Pekanbaru,,32.21,-2.558
2019-11-27,Palangka Raya,,37.25,-1.802
2019-11-27,Pontianak,,32.8,-1.85
2019-11-27,Singapore,,33.01,-1.628
2019-11-27,Kuching,,33.21,-1.699
2019-11-27,Kuala Lumpur,,28.74,-1.847
2019-11-28,Sumatra,194,,
2019-11-28,Kalimantan,109.2,,
2019-11-28,Pekanbaru,,32.18,-0.638
2019-11-28,Palangka Raya,,33.11,-1.94
2019-11-28,Pontianak,,36.11,-2.589
2019-11-28,Singapore,,31.31,-1.7
2019-11-28,Kuching,,32.17,-1.893
2019-11-28,Kuala Lumpur,,,-1.457
2019-11-29,Sumatra,437,,
2019-11-29,Kalimantan,197.9,,
2019-11-29,Pekanbaru,,33.97,-1.523
2019-11-29,Palangka Raya,,39.63,-2.448
2019-11-29,Pontianak,,,-2.264
2019-11-29,Singapore,,,-0.3608
2019-11-29,Kuching,,,-1.696
2019-11-29,Kuala Lumpur,,29.97,-0.3637
2019-11-30,Sumatra,201.9,,
2019-11-30,Kalimantan,89,,
2019-11-30,Pekanbaru,,33.99,-1.845
2019-11-30,Palangka Raya,,37.77,-1.939
2019-11-30,Pontianak,,36.4,-0.4785
2019-11-30,Singapore,,35.3,-0.7009
2019-11-30,Kuching,,37.4,-0.6977
2019-11-30,Kuala Lumpur,,29.6,-1.038
2020-07-01,Sumatra,44.16,,
2020-07-01,Kalimantan,9,,
2020-07-01,Pekanbaru,,25.05,-2.218
2020-07-01,Palangka Raya,,24.31,-0.9143
2020-07-01,Pontianak,,26.98,-1.239
2020-07-01,Singapore,,25.83,-1.809
2020-07-01,Kuching,,25.09,-1.512
2020-07-01,Kuala Lumpur,,28.57,-1.86
2020-07-02,Sumatra,59.93,,
2020-07-02,Kalimantan,0,,
2020-07-02,Pekanbaru,,26.95,-2.191
2020-07-02,Palangka Raya,,24.59,-1.784
2020-07-02,Pontianak,,26.23,-1.729
2020-07-02,Singapore,,23.16,-2.056
2020-07-02,Kuching,,33.22,-1.658
2020-07-02,Kuala Lumpur,,27.76,-2.315
2020-07-03,Sumatra,0,,
2020-07-03,Kalimantan,30.75,,
2020-07-03,Pekanbaru,,27.13,-1.929
2020-07-03,Palangka Raya,,24.23,-2.029
2020-07-03,Pontianak,,23.94,-1.849
2020-07-03,Singapore,,30.52,-2.012
2020-07-03,Kuching,,24.18,-1.751
2020-07-03,Kuala Lumpur,,29.29,-2.15
2020-07-04,Sumatra,67,,
2020-07-04,Kalimantan,0,,
2020-07-04,Pekanbaru,,27.91,-0.8664
2020-07-04,Palangka Raya,,26.46,0.8865
2020-07-04,Pontianak,,28.11,-2.242
2020-07-04,Singapore,,,-1.359
2020-07-04,Kuching,,26.87,-2.074
2020-07-04,Kuala Lumpur,,27.96,-0.251
2020-07-05,Sumatra,25,,
2020-07-05,Kalimantan,0,,
2020-07-05,Pekanbaru,,28.13,-1.715
2020-07-05,Palangka Raya,,26.31,-1.863
2020-07-05,Pontianak,,,-1.594
2020-07-05,Singapore,,29.78,-0.7846
2020-07-05,Kuching,,,-1.616
2020-07-05,Kuala Lumpur,,30.32,-1.064
2020-07-06,Sumatra,113.1,,
2020-07-06,Kalimantan,0,,
2020-07-06,Pekanbaru,,27.98,-1.916
2020-07-06,Palangka Raya,,,-1.572
2020-07-06,Pontianak,,28.07,-1.197
2020-07-06,Singapore,,26.42,-1.584
2020-07-06,Kuching,,26.33,-1.373
2020-07-06,Kuala Lumpur,,27.54,-1.244
2020-07-07,Sumatra,0,,
2020-07-07,Kalimantan,9,,
2020-07-07,Pekanbaru,,27.36,-2.365
2020-07-07,Palangka Raya,,25.61,-1.534
2020-07-07,Pontianak,,22.52,-1.758
2020-07-07,Singapore,,,-0.9677
2020-07-07,Kuching,,,-1.115
2020-07-07,Kuala Lumpur,,27.45,-1.401
2020-07-08,Sumatra,0,,
2020-07-08,Kalimantan,20,,
2020-07-08,Pekanbaru,,26.5,-2.181
2020-07-08,Palangka Raya,,23.41,-1.766
2020-07-08,Pontianak,,24.85,-1.175
2020-07-08,Singapore,,,-2.072
2020-07-08,Kuching,,24.96,-2.06
2020-07-08,Kuala Lumpur,,28.3,-1.295
2020-07-09,Sumatra,0,,
2020-07-09,Kalimantan,0,,
2020-07-09,Pekanbaru,,,-0.763
2020-07-09,Palangka Raya,,21.83,-1.987
2020-07-09,Pontianak,,,-1.255
2020-07-09,Singapore,,,-1.763
2020-07-09,Kuching,,,-1.909
2020-07-09,Kuala Lumpur,,,-1.467
2020-07-10,Sumatra,9,,
2020-07-10,Kalimantan,0,,
2020-07-10,Pekanbaru,,26.37,-1.154
2020-07-10,Palangka Raya,,23.84,-2.063
2020-07-10,Pontianak,,24.02,-1.838
2020-07-10,Singapore,,,-0.64
2020-07-10,Kuching,,,-2.033
2020-07-10,Kuala Lumpur,,,-1.115
2020-07-11,Sumatra,40.74,,
2020-07-11,Kalimantan,0,,
2020-07-11,Pekanbaru,,26.49,-1.98
2020-07-11,Palangka Raya,,23.98,-1.572
2020-07-11,Pontianak,,23.52,-1.297
2020-07-11,Singapore,,,-0.7992
2020-07-11,Kuching,,21.93,-0.9576
2020-07-11,Kuala Lumpur,,24.47,-1.106
2020-07-12,Sumatra,0,,
2020-07-12,Kalimantan,6,,
2020-07-12,Pekanbaru,,27.21,-1.753
2020-07-12,Palangka Raya,,,-0.8625
2020-07-12,Pontianak,,24.41,-1.508
2020-07-12,Singapore,,24.76,-1.84
2020-07-12,Kuching,,23.95,-1.584
2020-07-12,Kuala Lumpur,,26.28,-1.916
2020-07-13,Sumatra,0,,
2020-07-13,Kalimantan,0,,
2020-07-13,Pekanbaru,,,-1.221
2020-07-13,Palangka Raya,,25.53,-1.724
2020-07-13,Pontianak,,23.66,-1.96
2020-07-13,Singapore,,,-0.8197
2020-07-13,Kuching,,24.61,-1.938
2020-07-13,Kuala Lumpur,,,-1.561
2020-07-14,Sumatra,0,,
2020-07-14,Kalimantan,0,,
2020-07-14,Pekanbaru,,,-1.789
2020-07-14,Palangka Raya,,22.72,-2.122
2020-07-14,Pontianak,,24.07,-1.837
2020-07-14,Singapore,,,-1.5
2020-07-14,Kuching,,23.2,-1.652
2020-07-14,Kuala Lumpur,,,-2.012
2020-07-15,Sumatra,0,,
2020-07-15,Kalimantan,0,,
2020-07-15,Pekanbaru,,24.58,-1.143
2020-07-15,Palangka Raya,,23.25,-2.369
2020-07-15,Pontianak,,,-1.884
2020-07-15,Singapore,,24.76,-0.4218
2020-07-15,Kuching,,,-2.123
2020-07-15,Kuala Lumpur,,25.56,-0.3524
2020-07-16,Sumatra,70,,
2020-07-16,Kalimantan,12,,
2020-07-16,Pekanbaru,,25.25,-1.491
2020-07-16,Palangka Raya,,24.85,-2.152
2020-07-16,Pontianak,,25.69,-0.694
2020-07-16,Singapore,,25.82,-1.081
2020-07-16,Kuching,,25.96,-1.77
2020-07-16,Kuala Lumpur,,24.98,-1
2020-07-17,Sumatra,57,,
2020-07-17,Kalimantan,20,,
2020-07-17,Pekanbaru,,23.14,-2.048
2020-07-17,Palangka Raya,,24.09,-1.436
2020-07-17,Pontianak,,26.81,-1.483
2020-07-17,Singapore,,23.67,-1.835
2020-07-17,Kuching,,26.2,-1.452
2020-07-17,Kuala Lumpur,,26.03,-1.7
2020-07-18,Sumatra,0,,
2020-07-18,Kalimantan,0,,
2020-07-18,Pekanbaru,,,-1.148
2020-07-18,Palangka Raya,,25.44,-1.827
2020-07-18,Pontianak,,25.44,-1.141
2020-07-18,Singapore,,,-1.08
2020-07-18,Kuching,,23.11,-1.865
2020-07-18,Kuala Lumpur,,26.19,-2.153
2020-07-19,Sumatra,21,,
2020-07-19,Kalimantan,9,,
2020-07-19,Pekanbaru,,25.12,-1.683
2020-07-19,Palangka Raya,,24.02,-2.285
2020-07-19,Pontianak,,25.85,-2.021
2020-07-19,Singapore,,27.29,-2.002
2020-07-19,Kuching,,24.15,-2.06
2020-07-19,Kuala Lumpur,,25.94,-1.751
2020-07-20,Sumatra,83.74,,
2020-07-20,Kalimantan,0,,
2020-07-20,Pekanbaru,,24.28,-1.283
2020-07-20,Palangka Raya,,23.86,-2.174
2020-07-20,Pontianak,,,-1.632
2020-07-20,Singapore,,,-1.497
2020-07-20,Kuching,,26.02,-2.187
2020-07-20,Kuala Lumpur,,26.11,-0.4466
2020-07-21,Sumatra,0,,
2020-07-21,Kalimantan,44,,
2020-07-21,Pekanbaru,,23.82,-1.801
2020-07-21,Palangka Raya,,24.55,-2.195
2020-07-21,Pontianak,,26.15,-1.485
2020-07-21,Singapore,,26,-1.344
2020-07-21,Kuching,,25.99,-1.475
2020-07-21,Kuala Lumpur,,25.23,-1.528
2020-07-22,Sumatra,18,,
2020-07-22,Kalimantan,0,,
2020-07-22,Pekanbaru,,22.86,-1.917
2020-07-22,Palangka Raya,,,-1.446
2020-07-22,Pontianak,,,-0.9143
2020-07-22,Singapore,,23.81,-1.397
2020-07-22,Kuching,,,-0.7771
2020-07-22,Kuala Lumpur,,24.79,-1.325
2020-07-23,Sumatra,0,,
2020-07-23,Kalimantan,4,,
2020-07-23,Pekanbaru,,26.04,-2.278
2020-07-23,Palangka Raya,,26.84,-1.443
2020-07-23,Pontianak,,24.26,-1.644
2020-07-23,Singapore,,24.26,-1.97
2020-07-23,Kuching,,,-1.347
2020-07-23,Kuala Lumpur,,24.59,-1.475
2020-07-24,Sumatra,9,,
2020-07-24,Kalimantan,0,,
2020-07-24,Pekanbaru,,24.39,-2.099
2020-07-24,Palangka Raya,,24.41,-2.027
2020-07-24,Pontianak,,24,-2.093
2020-07-24,Singapore,,27.73,-2.018
2020-07-24,Kuching,,23.64,-1.999
2020-07-24,Kuala Lumpur,,26.2,-1.685
2020-07-25,Sumatra,16,,
2020-07-25,Kalimantan,12,,
2020-07-25,Pekanbaru,,25.96,-0.5353
2020-07-25,Palangka Raya,,25.76,-2.272
2020-07-25,Pontianak,,26.93,-2.356
2020-07-25,Singapore,,25.94,-1.515
2020-07-25,Kuching,,24.29,-1.978
2020-07-25,Kuala Lumpur,,,-1.667
2020-07-26,Sumatra,16,,
2020-07-26,Kalimantan,0,,
2020-07-26,Pekanbaru,,27.31,-1.624
2020-07-26,Palangka Raya,,28.44,-2.302
2020-07-26,Pontianak,,25.74,-1.778
2020-07-26,Singapore,,24.64,-0.7438
2020-07-26,Kuching,,27.92,-1.713
2020-07-26,Kuala Lumpur,,25.81,-1.101
2020-07-27,Sumatra,0,,
2020-07-27,Kalimantan,6,,
2020-07-27,Pekanbaru,,27.45,-1.663
2020-07-27,Palangka Raya,,27.5,-1.763
2020-07-27,Pontianak,,29.15,-0.5678
2020-07-27,Singapore,,,-0.6978
2020-07-27,Kuching,,27.57,-1.167
2020-07-27,Kuala Lumpur,,25.69,-1.342
2020-07-28,Sumatra,26,,
2020-07-28,Kalimantan,45.92,,
2020-07-28,Pekanbaru,,,-2.124
2020-07-28,Palangka Raya,,25.45,-1.55
2020-07-28,Pontianak,,28.84,-1.301
2020-07-28,Singapore,,27.6,-1.74
2020-07-28,Kuching,,28.86,-1.607
2020-07-28,Kuala Lumpur,,23.52,-1.575
2020-07-29,Sumatra,67.54,,
2020-07-29,Kalimantan,0,,
2020-07-29,Pekanbaru,,31.76,-2.351
2020-07-29,Palangka Raya,,28.05,-1.669
2020-07-29,Pontianak,,27.65,-2.013
2020-07-29,Singapore,,28.93,-2.303
2020-07-29,Kuching,,29.87,-1.471
2020-07-29,Kuala Lumpur,,23.88,-1.584
2020-07-30,Sumatra,0,,
2020-07-30,Kalimantan,10.68,,
2020-07-30,Pekanbaru,,31.16,-1.792
2020-07-30,Palangka Raya,,27.62,-1.963
2020-07-30,Pontianak,,27.19,-2.298
2020-07-30,Singapore,,27.69,-2.138
2020-07-30,Kuching,,26.97,-1.705
2020-07-30,Kuala Lumpur,,27.01,-2.021
2020-07-31,Sumatra,103,,
2020-07-31,Kalimantan,0,,
2020-07-31,Pekanbaru,,30.03,-0.8153
2020-07-31,Palangka Raya,,29.96,-2.13
2020-07-31,Pontianak,,25.81,-1.998
2020-07-31,Singapore,,,-0.422
2020-07-31,Kuching,,,-2.49
2020-07-31,Kuala Lumpur,,30.32,-0.8229
2020-08-01,Sumatra,0,,
2020-08-01,Kalimantan,25,,
2020-08-01,Pekanbaru,,28.74,-1.507
2020-08-01,Palangka Raya,,30.51,-1.88
2020-08-01,Pontianak,,,-0.08107
2020-08-01,Singapore,,30.84,-1.071
2020-08-01,Kuching,,,-1.592
2020-08-01,Kuala Lumpur,,28.72,-0.9797
2020-08-02,Sumatra,58,,
2020-08-02,Kalimantan,0,,
2020-08-02,Pekanbaru,,28.16,-2.023
2020-08-02,Palangka Raya,,28.75,-0.9341
2020-08-02,Pontianak,,31.1,-1.024
2020-08-02,Singapore,,30.01,-1.807
2020-08-02,Kuching,,,-0.7976
2020-08-02,Kuala Lumpur,,28.27,-1.736
2020-08-03,Sumatra,22,,
2020-08-03,Kalimantan,0,,
2020-08-03,Pekanbaru,,,-2.463
2020-08-03,Palangka Raya,,28.49,-1.67
2020-08-03,Pontianak,,29.01,-1.816
2020-08-03,Singapore,,,-2.282
2020-08-03,Kuching,,26.56,-1.736
2020-08-03,Kuala Lumpur,,28.67,-2.059
2020-08-04,Sumatra,11,,
2020-08-04,Kalimantan,34,,
2020-08-04,Pekanbaru,,,-1.685
2020-08-04,Palangka Raya,,29.52,-1.68
2020-08-04,Pontianak,,26.62,-1.454
2020-08-04,Singapore,,27.13,-1.666
2020-08-04,Kuching,,26.5,-1.942
2020-08-04,Kuala Lumpur,,25.44,-2.033
2020-08-05,Sumatra,0,,
2020-08-05,Kalimantan,0,,
2020-08-05,Pekanbaru,,,-0.8978
2020-08-05,Palangka Raya,,29.88,-1.831
2020-08-05,Pontianak,,,-1.642
2020-08-05,Singapore,,,-2.062
2020-08-05,Kuching,,,-1.686
2020-08-05,Kuala Lumpur,,,-0.6365
2020-08-06,Sumatra,0,,
2020-08-06,Kalimantan,0,,
2020-08-06,Pekanbaru,,27.43,-1.504
2020-08-06,Palangka Raya,,,-2.329
2020-08-06,Pontianak,,,-2.073
2020-08-06,Singapore,,,-0.845
2020-08-06,Kuching,,,-1.894
2020-08-06,Kuala Lumpur,,29.07,-1.38
2020-08-07,Sumatra,183.8,,
2020-08-07,Kalimantan,24,,
2020-08-07,Pekanbaru,,28.38,-1.828
2020-08-07,Palangka Raya,,,-2.259
2020-08-07,Pontianak,,27.81,-1.03
2020-08-07,Singapore,,28.44,-1.606
2020-08-07,Kuching,,26.75,-0.9784
2020-08-07,Kuala Lumpur,,29.25,-1.396
2020-08-08,Sumatra,21,,
2020-08-08,Kalimantan,792.7,,
2020-08-08,Pekanbaru,,27.02,-2.086
2020-08-08,Palangka Raya,,28.33,-1.42
2020-08-08,Pontianak,,26.78,-1.676
2020-08-08,Singapore,,26.23,-1.61
2020-08-08,Kuching,,29.64,-1.173
2020-08-08,Kuala Lumpur,,27.76,-1.757
2020-08-09,Sumatra,294.4,,
2020-08-09,Kalimantan,299.4,,
2020-08-09,Pekanbaru,,26.9,-2.221
2020-08-09,Palangka Raya,,,-0.6224
2020-08-09,Pontianak,,27.16,-2.081
2020-08-09,Singapore,,27.16,-2.313
2020-08-09,Kuching,,28.55,-1.979
2020-08-09,Kuala Lumpur,,26.63,-2.123
2020-08-10,Sumatra,86.09,,
2020-08-10,Kalimantan,1114,,
2020-08-10,Pekanbaru,,29.29,-0.5626
2020-08-10,Palangka Raya,,26.69,-2.101
2020-08-10,Pontianak,,29.46,-2.306
2020-08-10,Singapore,,27.66,-1.823
2020-08-10,Kuching,,29.3,-2.436
2020-08-10,Kuala Lumpur,,,-1.671
2020-08-11,Sumatra,38,,
2020-08-11,Kalimantan,644.1,,
2020-08-11,Pekanbaru,,,-1.25
2020-08-11,Palangka Raya,,27.52,-2.242
2020-08-11,Pontianak,,26.75,-1.921
2020-08-11,Singapore,,30.73,-0.8382
2020-08-11,Kuching,,30.04,-1.937
2020-08-11,Kuala Lumpur,,,-0.9164
2020-08-12,Sumatra,25,,
2020-08-12,Kalimantan,0,,
2020-08-12,Pekanbaru,,29.72,-1.644
2020-08-12,Palangka Raya,,28.24,-2.546
2020-08-12,Pontianak,,31.7,-1.017
2020-08-12,Singapore,,,-0.7291
2020-08-12,Kuching,,,-0.8477
2020-08-12,Kuala Lumpur,,,-0.4548
2020-08-13,Sumatra,97.9,,
2020-08-13,Kalimantan,390.8,,
2020-08-13,Pekanbaru,,,-2.183
2020-08-13,Palangka Raya,,26.56,-1.286
2020-08-13,Pontianak,,31.08,-1.383
2020-08-13,Singapore,,27.64,-1.736
2020-08-13,Kuching,,29.52,-1.576
2020-08-13,Kuala Lumpur,,28.72,-1.862
2020-08-14,Sumatra,6,,
2020-08-14,Kalimantan,22.38,,
2020-08-14,Pekanbaru,,,-2.369
2020-08-14,Palangka Raya,,26.89,-1.812
2020-08-14,Pontianak,,30.23,-2.063
2020-08-14,Singapore,,,-0.9313
2020-08-14,Kuching,,30.14,-1.784
2020-08-14,Kuala Lumpur,,,-2.043
2020-08-15,Sumatra,0,,
2020-08-15,Kalimantan,21,,
2020-08-15,Pekanbaru,,27.93,-1.761
2020-08-15,Palangka Raya,,26.71,-1.57
2020-08-15,Pontianak,,,-1.881
2020-08-15,Singapore,,28.63,-1.931
2020-08-15,Kuching,,28.82,-1.882
2020-08-15,Kuala Lumpur,,26.23,-1.34
2020-08-16,Sumatra,38,,
2020-08-16,Kalimantan,42,,
2020-08-16,Pekanbaru,,27.51,-0.883
2020-08-16,Palangka Raya,,26.67,-2.393
2020-08-16,Pontianak,,28.23,-2.016
2020-08-16,Singapore,,28.15,-0.7605
2020-08-16,Kuching,,28.31,-2.175
2020-08-16,Kuala Lumpur,,23.94,-0.6215
2020-08-17,Sumatra,0,,
2020-08-17,Kalimantan,0,,
2020-08-17,Pekanbaru,,27.22,-1.849
2020-08-17,Palangka Raya,,26.22,-2.086
2020-08-17,Pontianak,,31.09,-0.5895
2020-08-17,Singapore,,28.7,-1.616
2020-08-17,Kuching,,,-1.636
2020-08-17,Kuala Lumpur,,28.72,-1.112
2020-08-18,Sumatra,3,,
2020-08-18,Kalimantan,0,,
2020-08-18,Pekanbaru,,27.9,-1.908
2020-08-18,Palangka Raya,,27.9,-0.9212
2020-08-18,Pontianak,,30.64,-1.303
2020-08-18,Singapore,,,-1.045
2020-08-18,Kuching,,27.3,-1.493
2020-08-18,Kuala Lumpur,,30,-1.015
2020-08-19,Sumatra,0,,
2020-08-19,Kalimantan,17,,
2020-08-19,Pekanbaru,,29.56,-2.214
2020-08-19,Palangka Raya,,,-1.228
2020-08-19,Pontianak,,,-1.408
2020-08-19,Singapore,,27.21,-1.371
2020-08-19,Kuching,,,-1.357
2020-08-19,Kuala Lumpur,,27.99,-2.018
2020-08-20,Sumatra,5.612,,
2020-08-20,Kalimantan,47,,
2020-08-20,Pekanbaru,,27.78,-2.304
2020-08-20,Palangka Raya,,28.15,-1.921
2020-08-20,Pontianak,,28.08,-2.094
2020-08-20,Singapore,,29.83,-2.381
2020-08-20,Kuching,,26.32,-2.009
2020-08-20,Kuala Lumpur,,30.11,-2.018
2020-08-21,Sumatra,73.9,,
2020-08-21,Kalimantan,0,,
2020-08-21,Pekanbaru,,27.53,-1.283
2020-08-21,Palangka Raya,,28.39,-2.262
2020-08-21,Pontianak,,30.1,-2.282
2020-08-21,Singapore,,,-1.546
2020-08-21,Kuching,,28.8,-2.287
2020-08-21,Kuala Lumpur,,25.94,-0.4512
2020-08-22,Sumatra,5,,
2020-08-22,Kalimantan,89,,
2020-08-22,Pekanbaru,,28.77,-1.76
2020-08-22,Palangka Raya,,25.84,-2.044
2020-08-22,Pontianak,,28.23,-1.314
2020-08-22,Singapore,,,-0.6608
2020-08-22,Kuching,,28.3,-1.67
2020-08-22,Kuala Lumpur,,29.3,-1.505
2020-08-23,Sumatra,66,,
2020-08-23,Kalimantan,0,,
2020-08-23,Pekanbaru,,30.41,-2.145
2020-08-23,Palangka Raya,,,-1.691
2020-08-23,Pontianak,,29.63,-1.247
2020-08-23,Singapore,,,-0.5887
2020-08-23,Kuching,,,-1.004
2020-08-23,Kuala Lumpur,,27.94,-1.778
2020-08-24,Sumatra,38,,
2020-08-24,Kalimantan,33,,
2020-08-24,Pekanbaru,,26.75,-2.46
2020-08-24,Palangka Raya,,30.82,-1.823
2020-08-24,Pontianak,,28.18,-1.467
2020-08-24,Singapore,,27.42,-1.636
2020-08-24,Kuching,,28.7,-1.813
2020-08-24,Kuala Lumpur,,26.58,-1.73
2020-08-25,Sumatra,7,,
2020-08-25,Kalimantan,0,,
2020-08-25,Pekanbaru,,27.13,-2.062
2020-08-25,Palangka Raya,,29.43,-0.9143
2020-08-25,Pontianak,,29.84,-1.76
2020-08-25,Singapore,,29.16,-2.092
2020-08-25,Kuching,,26.12,-1.915
2020-08-25,Kuala Lumpur,,25.92,-1.759
2020-08-26,Sumatra,0,,
2020-08-26,Kalimantan,11,,
2020-08-26,Pekanbaru,,29.27,-0.6509
2020-08-26,Palangka Raya,,29.04,-2.178
2020-08-26,Pontianak,,32.3,-2.349
2020-08-26,Singapore,,,-1.763
2020-08-26,Kuching,,31.37,-2.295
2020-08-26,Kuala Lumpur,,,-0.7628
2020-08-27,Sumatra,35,,
2020-08-27,Kalimantan,6,,
2020-08-27,Pekanbaru,,28.46,-1.184
2020-08-27,Palangka Raya,,30.51,-2.197
2020-08-27,Pontianak,,30.99,-2.048
2020-08-27,Singapore,,29.1,-0.71
2020-08-27,Kuching,,31.2,-2.09
2020-08-27,Kuala Lumpur,,29.26,-0.7747
2020-08-28,Sumatra,71.09,,
2020-08-28,Kalimantan,9,,
2020-08-28,Pekanbaru,,32.28,-1.821
2020-08-28,Palangka Raya,,30.66,-1.899
2020-08-28,Pontianak,,31.32,-0.7909
2020-08-28,Singapore,,32.03,-1.195
2020-08-28,Kuching,,30.91,-0.8677
2020-08-28,Kuala Lumpur,,28.15,-1.455
2020-08-29,Sumatra,23.7,,
2020-08-29,Kalimantan,20,,
2020-08-29,Pekanbaru,,30.59,-2.142
2020-08-29,Palangka Raya,,25.89,-1.724
2020-08-29,Pontianak,,33.82,-0.8635
2020-08-29,Singapore,,,-0.5124
2020-08-29,Kuching,,32.07,-1.357
2020-08-29,Kuala Lumpur,,30.87,-1.84
2020-08-30,Sumatra,89,,
2020-08-30,Kalimantan,0,,
2020-08-30,Pekanbaru,,31.72,-2.11
2020-08-30,Palangka Raya,,27.72,-1.676
2020-08-30,Pontianak,,28.43,-1.986
2020-08-30,Singapore,,30.87,-2.02
2020-08-30,Kuching,,29.92,-1.8
2020-08-30,Kuala Lumpur,,26.59,-2.226
2020-08-31,Sumatra,18,,
2020-08-31,Kalimantan,4,,
2020-08-31,Pekanbaru,,29.95,-1.81
2020-08-31,Palangka Raya,,30.32,-1.855
2020-08-31,Pontianak,,31.05,-2.536
2020-08-31,Singapore,,,-2.308
2020-08-31,Kuching,,,-1.303
2020-08-31,Kuala Lumpur,,25.77,-1.873
2020-09-01,Sumatra,44,,
2020-09-01,Kalimantan,0,,
2020-09-01,Pekanbaru,,30.64,-1.245
2020-09-01,Palangka Raya,,30.23,-2.563
2020-09-01,Pontianak,,29.99,-2.235
2020-09-01,Singapore,,,-0.4026
2020-09-01,Kuching,,33.89,-2.153
2020-09-01,Kuala Lumpur,,27.02,-0.5029
2020-09-02,Sumatra,0,,
2020-09-02,Kalimantan,0,,
2020-09-02,Pekanbaru,,36.4,-1.197
2020-09-02,Palangka Raya,,28.24,-2.202
2020-09-02,Pontianak,,31.75,-0.5995
2020-09-02,Singapore,,33.12,-0.8375
2020-09-02,Kuching,,,-1.923
2020-09-02,Kuala Lumpur,,30.04,-1.12
2020-09-03,Sumatra,0,,
2020-09-03,Kalimantan,0,,
2020-09-03,Pekanbaru,,30.27,-2.279
2020-09-03,Palangka Raya,,,-0.6198
2020-09-03,Pontianak,,31.96,-1.124
2020-09-03,Singapore,,24.98,-1.094
2020-09-03,Kuching,,,-0.8729
2020-09-03,Kuala Lumpur,,30.4,-1.369
2020-09-04,Sumatra,25,,
2020-09-04,Kalimantan,0,,
2020-09-04,Pekanbaru,,29.95,-2.284
2020-09-04,Palangka Raya,,26.02,-1.534
2020-09-04,Pontianak,,29.11,-1.826
2020-09-04,Singapore,,29.76,-1.93
2020-09-04,Kuching,,27.48,-1.522
2020-09-04,Kuala Lumpur,,28.58,-1.346
2020-09-05,Sumatra,0,,
2020-09-05,Kalimantan,4,,
2020-09-05,Pekanbaru,,,-1.914
2020-09-05,Palangka Raya,,27.85,-1.966
2020-09-05,Pontianak,,,-0.8797
2020-09-05,Singapore,,,-1.208
2020-09-05,Kuching,,25.12,-1.845
2020-09-05,Kuala Lumpur,,25.56,-2.202
2020-09-06,Sumatra,37,,
2020-09-06,Kalimantan,0,,
2020-09-06,Pekanbaru,,25.81,-1.125
2020-09-06,Palangka Raya,,27.81,-2.289
2020-09-06,Pontianak,,,-2.379
2020-09-06,Singapore,,,-1.554
2020-09-06,Kuching,,28.95,-2.41
2020-09-06,Kuala Lumpur,,25.14,-1.076
2020-09-07,Sumatra,0,,
2020-09-07,Kalimantan,23,,
2020-09-07,Pekanbaru,,27.3,-1.687
2020-09-07,Palangka Raya,,26.46,-2.438
2020-09-07,Pontianak,,29.87,-1.752
2020-09-07,Singapore,,,-0.6715
2020-09-07,Kuching,,29.64,-2.39
2020-09-07,Kuala Lumpur,,25.57,-0.657
2020-09-08,Sumatra,38.98,,
2020-09-08,Kalimantan,44,,
2020-09-08,Pekanbaru,,27.92,-1.813
2020-09-08,Palangka Raya,,,-1.819
2020-09-08,Pontianak,,29.45,-1.48
2020-09-08,Singapore,,27.8,-1.157
2020-09-08,Kuching,,,-0.891
2020-09-08,Kuala Lumpur,,27.26,-1.357
2020-09-09,Sumatra,0,,
2020-09-09,Kalimantan,15,,
2020-09-09,Pekanbaru,,27.16,-2.468
2020-09-09,Palangka Raya,,35.54,-0.8707
2020-09-09,Pontianak,,23.83,-1.755
2020-09-09,Singapore,,26.13,-1.919
2020-09-09,Kuching,,,-1.21
2020-09-09,Kuala Lumpur,,27.34,-1.9
2020-09-10,Sumatra,0,,
2020-09-10,Kalimantan,0,,
2020-09-10,Pekanbaru,,,-1.754
2020-09-10,Palangka Raya,,29.82,-1.533
2020-09-10,Pontianak,,27.39,-2.068
2020-09-10,Singapore,,27.73,-2.108
2020-09-10,Kuching,,26.23,-2.11
2020-09-10,Kuala Lumpur,,25.1,-1.664
2020-09-11,Sumatra,0,,
2020-09-11,Kalimantan,21,,
2020-09-11,Pekanbaru,,28.51,-0.6499
2020-09-11,Palangka Raya,,26.42,-2.373
2020-09-11,Pontianak,,,-2.306
2020-09-11,Singapore,,,-2.609
2020-09-11,Kuching,,25.85,-2.113
2020-09-11,Kuala Lumpur,,,-2.108
2020-09-12,Sumatra,12,,
2020-09-12,Kalimantan,0,,
2020-09-12,Pekanbaru,,30.86,-0.8681
2020-09-12,Palangka Raya,,28.02,-2.493
2020-09-12,Pontianak,,32.29,-2.13
2020-09-12,Singapore,,,-0.651
2020-09-12,Kuching,,,-2.315
2020-09-12,Kuala Lumpur,,28.85,-0.6942
2020-09-13,Sumatra,32,,
2020-09-13,Kalimantan,0,,
2020-09-13,Pekanbaru,,26.89,-1.607
2020-09-13,Palangka Raya,,,-2.42
2020-09-13,Pontianak,,26.6,-0.9225
2020-09-13,Singapore,,,-0.4185
2020-09-13,Kuching,,,-0.5208
2020-09-13,Kuala Lumpur,,24.76,-1.242
2020-09-14,Sumatra,7,,
2020-09-14,Kalimantan,24,,
2020-09-14,Pekanbaru,,28.71,-2.394
2020-09-14,Palangka Raya,,31.01,-1.245
2020-09-14,Pontianak,,,-1.088
2020-09-14,Singapore,,,-1.135
2020-09-14,Kuching,,,-0.8726
2020-09-14,Kuala Lumpur,,,-0.5532
2020-09-15,Sumatra,23,,
2020-09-15,Kalimantan,0,,
2020-09-15,Pekanbaru,,31,-2.525
2020-09-15,Palangka Raya,,30.02,-1.732
2020-09-15,Pontianak,,32.14,-2.073
2020-09-15,Singapore,,31.37,-2.193
2020-09-15,Kuching,,31.65,-1.506
2020-09-15,Kuala Lumpur,,28.17,-2.309
2020-09-16,Sumatra,11,,
2020-09-16,Kalimantan,1230,,
2020-09-16,Pekanbaru,,,-2.176
2020-09-16,Palangka Raya,,32.29,-2.084
2020-09-16,Pontianak,,33.03,-2.347
2020-09-16,Singapore,,,-2.129
2020-09-16,Kuching,,31.17,-1.655
2020-09-16,Kuala Lumpur,,,-2.185
2020-09-17,Sumatra,47,,
2020-09-17,Kalimantan,87,,
2020-09-17,Pekanbaru,,30.72,-1.045
2020-09-17,Palangka Raya,,37.43,-2.626
2020-09-17,Pontianak,,35.07,-2.301
2020-09-17,Singapore,,30.82,-0.3972
2020-09-17,Kuching,,32.18,-2.684
2020-09-17,Kuala Lumpur,,,-0.5045
2020-09-18,Sumatra,22,,
2020-09-18,Kalimantan,3768,,
2020-09-18,Pekanbaru,,29.63,-1.371
2020-09-18,Palangka Raya,,32.35,-2.189
2020-09-18,Pontianak,,36.94,-0.9135
2020-09-18,Singapore,,32.55,-1.428
2020-09-18,Kuching,,,-1.837
2020-09-18,Kuala Lumpur,,28.46,-0.8945
2020-09-19,Sumatra,25,,
2020-09-19,Kalimantan,31,,
2020-09-19,Pekanbaru,,,-1.964
2020-09-19,Palangka Raya,,28.22,-0.9143
2020-09-19,Pontianak,,,-0.7653
2020-09-19,Singapore,,29.19,-1.474
2020-09-19,Kuching,,,-0.5649
2020-09-19,Kuala Lumpur,,27.23,-1.881
2020-09-20,Sumatra,0,,
2020-09-20,Kalimantan,1304,,
2020-09-20,Pekanbaru,,33.02,-2.426
2020-09-20,Palangka Raya,,26.89,-1.613
2020-09-20,Pontianak,,30.54,-1.773
2020-09-20,Singapore,,34.03,-1.965
2020-09-20,Kuching,,26.41,-1.723
2020-09-20,Kuala Lumpur,,30.36,-2.334
2020-09-21,Sumatra,0,,
2020-09-21,Kalimantan,54,,
2020-09-21,Pekanbaru,,,-2.767
2020-09-21,Palangka Raya,,30.5,-2.005
2020-09-21,Pontianak,,33.57,-1.608
2020-09-21,Singapore,,,-1.136
2020-09-21,Kuching,,26.83,-1.771
2020-09-21,Kuala Lumpur,,30.73,-2.116
2020-09-22,Sumatra,38.64,,
2020-09-22,Kalimantan,56,,
2020-09-22,Pekanbaru,,29.63,-1.04
2020-09-22,Palangka Raya,,29.34,-2.314
2020-09-22,Pontianak,,34.31,-2.518
2020-09-22,Singapore,,,-1.405
2020-09-22,Kuching,,33.69,-2.246
2020-09-22,Kuala Lumpur,,24.11,-0.3672
2020-09-23,Sumatra,86.59,,
2020-09-23,Kalimantan,18,,
2020-09-23,Pekanbaru,,28.17,-1.728
2020-09-23,Palangka Raya,,,-2.396
2020-09-23,Pontianak,,30.67,-1.91
2020-09-23,Singapore,,28.55,-1.158
2020-09-23,Kuching,,27.15,-2.1
2020-09-23,Kuala Lumpur,,28.96,-0.6493
2020-09-24,Sumatra,25.01,,
2020-09-24,Kalimantan,8,,
2020-09-24,Pekanbaru,,27.57,-1.899
2020-09-24,Palangka Raya,,,-1.245
2020-09-24,Pontianak,,30.56,-1.277
2020-09-24,Singapore,,29.75,-1.511
2020-09-24,Kuching,,26.45,-1.201
2020-09-24,Kuala Lumpur,,28.03,-1.473
2020-09-25,Sumatra,24,,
2020-09-25,Kalimantan,143,,
2020-09-25,Pekanbaru,,30,-2.12
2020-09-25,Palangka Raya,,27.01,-1.679
2020-09-25,Pontianak,,25.37,-1.071
2020-09-25,Singapore,,29.65,-1.318
2020-09-25,Kuching,,,-0.9452
2020-09-25,Kuala Lumpur,,29.28,-1.959
2020-09-26,Sumatra,0,,
2020-09-26,Kalimantan,0,,
2020-09-26,Pekanbaru,,29.6,-1.817
2020-09-26,Palangka Raya,,27.43,-1.707
2020-09-26,Pontianak,,30.2,-1.388
2020-09-26,Singapore,,,-1.969
2020-09-26,Kuching,,28.72,-1.111
2020-09-26,Kuala Lumpur,,,-2.423
2020-09-27,Sumatra,0,,
2020-09-27,Kalimantan,0,,
2020-09-27,Pekanbaru,,,-0.2762
2020-09-27,Palangka Raya,,32.36,-1.649
2020-09-27,Pontianak,,33.1,-1.971
2020-09-27,Singapore,,,-1.944
2020-09-27,Kuching,,,-2.024
2020-09-27,Kuala Lumpur,,,-2.188
2020-09-28,Sumatra,51.69,,
2020-09-28,Kalimantan,0,,
2020-09-28,Pekanbaru,,29.2,-1.103
2020-09-28,Palangka Raya,,27.85,-2.349
2020-09-28,Pontianak,,25.68,-2.133
2020-09-28,Singapore,,27.31,-0.6699
2020-09-28,Kuching,,27.34,-2.15
2020-09-28,Kuala Lumpur,,28.38,-0.9502
2020-09-29,Sumatra,22,,
2020-09-29,Kalimantan,6,,
2020-09-29,Pekanbaru,,26.37,-1.662
2020-09-29,Palangka Raya,,27.32,-2.029
2020-09-29,Pontianak,,27.27,-1.122
2020-09-29,Singapore,,,-0.7655
2020-09-29,Kuching,,26.98,-0.6783
2020-09-29,Kuala Lumpur,,27.06,-1.121
2020-09-30,Sumatra,0,,
2020-09-30,Kalimantan,527,,
2020-09-30,Pekanbaru,,27.11,-2.021
2020-09-30,Palangka Raya,,28.78,-1.283
2020-09-30,Pontianak,,27.54,-1.528
2020-09-30,Singapore,,29.69,-1.302
2020-09-30,Kuching,,26.62,-1.57
2020-09-30,Kuala Lumpur,,26.89,-1.438
2020-10-01,Sumatra,0,,
2020-10-01,Kalimantan,0,,
2020-10-01,Pekanbaru,,,-1.063
2020-10-01,Palangka Raya,,28.5,-1.483
2020-10-01,Pontianak,,28.7,-1.939
2020-10-01,Singapore,,29.26,-1.521
2020-10-01,Kuching,,30.12,-1.11
2020-10-01,Kuala Lumpur,,27.22,-1.944
2020-10-02,Sumatra,11,,
2020-10-02,Kalimantan,569,,
2020-10-02,Pekanbaru,,27.4,-2.045
2020-10-02,Palangka Raya,,,-1.899
2020-10-02,Pontianak,,29.65,-2.074
2020-10-02,Singapore,,29.68,-2.574
2020-10-02,Kuching,,29.77,-1.66
2020-10-02,Kuala Lumpur,,26.16,-1.008
2020-10-03,Sumatra,0,,
2020-10-03,Kalimantan,0,,
2020-10-03,Pekanbaru,,23.99,-1.054
2020-10-03,Palangka Raya,,29.18,-2.591
2020-10-03,Pontianak,,29.75,-1.95
2020-10-03,Singapore,,,-0.6085
2020-10-03,Kuching,,31.27,-2.478
2020-10-03,Kuala Lumpur,,29.59,-0.6488
2020-10-04,Sumatra,0,,
2020-10-04,Kalimantan,99,,
2020-10-04,Pekanbaru,,25.94,-1.406
2020-10-04,Palangka Raya,,,-2.669
2020-10-04,Pontianak,,31.3,-0.5234
2020-10-04,Singapore,,,-0.6921
2020-10-04,Kuching,,,-1.574
2020-10-04,Kuala Lumpur,,27.58,-1.099
2020-10-05,Sumatra,70,,
2020-10-05,Kalimantan,44,,
2020-10-05,Pekanbaru,,30.01,-2.251
2020-10-05,Palangka Raya,,30.15,-0.4753
2020-10-05,Pontianak,,,-0.8861
2020-10-05,Singapore,,30.33,-1.576
2020-10-05,Kuching,,,-0.8306
2020-10-05,Kuala Lumpur,,28.62,-1.391
2020-10-06,Sumatra,27,,
2020-10-06,Kalimantan,444.8,,
2020-10-06,Pekanbaru,,31.79,-2.459
2020-10-06,Palangka Raya,,32.24,-1.522
2020-10-06,Pontianak,,33.64,-1.578
2020-10-06,Singapore,,34.68,-2.133
2020-10-06,Kuching,,31.09,-1.255
2020-10-06,Kuala Lumpur,,28.42,-2.468
2020-10-07,Sumatra,29,,
2020-10-07,Kalimantan,818,,
2020-10-07,Pekanbaru,,,-2.467
2020-10-07,Palangka Raya,,34.37,-1.775
2020-10-07,Pontianak,,32.07,-2.473
2020-10-07,Singapore,,33.14,-2.645
2020-10-07,Kuching,,,-2.289
2020-10-07,Kuala Lumpur,,,-1.505
2020-10-08,Sumatra,6,,
2020-10-08,Kalimantan,15,,
2020-10-08,Pekanbaru,,,-0.6685
2020-10-08,Palangka Raya,,33.25,-2.256
2020-10-08,Pontianak,,35.71,-1.374
2020-10-08,Singapore,,,-2.143
2020-10-08,Kuching,,,-2.506
2020-10-08,Kuala Lumpur,,26.64,-0.2349
2020-10-09,Sumatra,0,,
2020-10-09,Kalimantan,0,,
2020-10-09,Pekanbaru,,,-0.9663
2020-10-09,Palangka Raya,,,-1.921
2020-10-09,Pontianak,,,-2.161
2020-10-09,Singapore,,,-0.5428
2020-10-09,Kuching,,,-2.48
2020-10-09,Kuala Lumpur,,30.52,-0.9442
2020-10-10,Sumatra,14,,
2020-10-10,Kalimantan,0,,
2020-10-10,Pekanbaru,,27.97,-1.952
2020-10-10,Palangka Raya,,,-2.124
2020-10-10,Pontianak,,31.29,-0.904
2020-10-10,Singapore,,,-0.9995
2020-10-10,Kuching,,30.34,-1.231
2020-10-10,Kuala Lumpur,,29.35,-1.465
2020-10-11,Sumatra,0,,
2020-10-11,Kalimantan,147,,
2020-10-11,Pekanbaru,,27.93,-2.585
2020-10-11,Palangka Raya,,30.26,-1.052
2020-10-11,Pontianak,,28.72,-1.294
2020-10-11,Singapore,,33.41,-1.944
2020-10-11,Kuching,,31.66,-1.327
2020-10-11,Kuala Lumpur,,,-2.396
2020-10-12,Sumatra,0,,
2020-10-12,Kalimantan,0,,
2020-10-12,Pekanbaru,,,-2.603
2020-10-12,Palangka Raya,,28.71,-0.95
2020-10-12,Pontianak,,,-1.666
2020-10-12,Singapore,,,-2.352
2020-10-12,Kuching,,,-1.83
2020-10-12,Kuala Lumpur,,,-2.684
2020-10-13,Sumatra,0,,
2020-10-13,Kalimantan,108.4,,
2020-10-13,Pekanbaru,,,0.08167
2020-10-13,Palangka Raya,,29.74,-2.076
2020-10-13,Pontianak,,32.06,-2.457
2020-10-13,Singapore,,,-2.177
2020-10-13,Kuching,,29.26,-1.986
2020-10-13,Kuala Lumpur,,,-1.975
2020-10-14,Sumatra,9,,
2020-10-14,Kalimantan,12,,
2020-10-14,Pekanbaru,,,-0.5735
2020-10-14,Palangka Raya,,30.32,-2.579
2020-10-14,Pontianak,,30.92,-2.381
2020-10-14,Singapore,,,-0.2863
2020-10-14,Kuching,,,-2.404
2020-10-14,Kuala Lumpur,,,-0.4949
2020-10-15,Sumatra,0,,
2020-10-15,Kalimantan,0,,
2020-10-15,Pekanbaru,,29.9,-1.301
2020-10-15,Palangka Raya,,,-2.045
2020-10-15,Pontianak,,30.92,-0.3996
2020-10-15,Singapore,,33.5,-1.147
2020-10-15,Kuching,,30.38,-0.787
2020-10-15,Kuala Lumpur,,28.49,-1.111
2020-10-16,Sumatra,10,,
2020-10-16,Kalimantan,12,,
2020-10-16,Pekanbaru,,27.91,-1.784
2020-10-16,Palangka Raya,,30.23,-0.7823
2020-10-16,Pontianak,,29.24,-1.137
2020-10-16,Singapore,,31.7,-1.961
2020-10-16,Kuching,,,-0.8319
2020-10-16,Kuala Lumpur,,29.12,-1.919
2020-10-17,Sumatra,70.85,,
2020-10-17,Kalimantan,0,,
2020-10-17,Pekanbaru,,30.34,-2.559
2020-10-17,Palangka Raya,,,-1.049
2020-10-17,Pontianak,,31.37,-1.623
2020-10-17,Singapore,,30.82,-2.071
2020-10-17,Kuching,,31.7,-1.574
2020-10-17,Kuala Lumpur,,27.85,-2.725
2020-10-18,Sumatra,12,,
2020-10-18,Kalimantan,147,,
2020-10-18,Pekanbaru,,28.72,-2.307
2020-10-18,Palangka Raya,,29.29,-2.239
2020-10-18,Pontianak,,31.6,-2.261
2020-10-18,Singapore,,,-2.282
2020-10-18,Kuching,,29.45,-1.953
2020-10-18,Kuala Lumpur,,,-2.517
2020-10-19,Sumatra,76,,
2020-10-19,Kalimantan,0,,
2020-10-19,Pekanbaru,,30.34,-0.9046
2020-10-19,Palangka Raya,,33.64,-2.879
2020-10-19,Pontianak,,32.25,-2.123
2020-10-19,Singapore,,29.29,-0.03445
2020-10-19,Kuching,,32.08,-2.492
2020-10-19,Kuala Lumpur,,28.36,-0.386
2020-10-20,Sumatra,38,,
2020-10-20,Kalimantan,0,,
2020-10-20,Pekanbaru,,,-1.22
2020-10-20,Palangka Raya,,29.33,-2.45
2020-10-20,Pontianak,,33.08,-0.3808
2020-10-20,Singapore,,,-0.6758
2020-10-20,Kuching,,,-1.81
2020-10-20,Kuala Lumpur,,28.55,-0.9036
2020-10-21,Sumatra,9,,
2020-10-21,Kalimantan,0,,
2020-10-21,Pekanbaru,,,-1.873
2020-10-21,Palangka Raya,,28.28,-0.8484
2020-10-21,Pontianak,,,-0.9741
2020-10-21,Singapore,,29.68,-1.584
2020-10-21,Kuching,,31.27,-0.9026
2020-10-21,Kuala Lumpur,,28.56,-1.193
2020-10-22,Sumatra,0,,
2020-10-22,Kalimantan,59,,
2020-10-22,Pekanbaru,,29.34,-2.235
2020-10-22,Palangka Raya,,29.41,-1.436
2020-10-22,Pontianak,,29.44,-1.428
2020-10-22,Singapore,,29.73,-2.376
2020-10-22,Kuching,,28.03,-0.9366
2020-10-22,Kuala Lumpur,,,-2.277
2020-10-23,Sumatra,0,,
2020-10-23,Kalimantan,55.73,,
2020-10-23,Pekanbaru,,,-1.893
2020-10-23,Palangka Raya,,28.98,-2.033
2020-10-23,Pontianak,,31.43,-2.27
2020-10-23,Singapore,,,-1.739
2020-10-23,Kuching,,30.43,-1.609
2020-10-23,Kuala Lumpur,,,-2.41
2020-10-24,Sumatra,7,,
2020-10-24,Kalimantan,0,,
2020-10-24,Pekanbaru,,,-0.2975
2020-10-24,Palangka Raya,,31.73,-2.582
2020-10-24,Pontianak,,33.32,-2.399
2020-10-24,Singapore,,,-1.768
2020-10-24,Kuching,,31.2,-2.529
2020-10-24,Kuala Lumpur,,,0.01274
2020-10-25,Sumatra,15,,
2020-10-25,Kalimantan,39,,
2020-10-25,Pekanbaru,,28.42,-1.263
2020-10-25,Palangka Raya,,31.81,-2.652
2020-10-25,Pontianak,,,-2.529
2020-10-25,Singapore,,29.7,-1.047
2020-10-25,Kuching,,30.54,-1.81
2020-10-25,Kuala Lumpur,,27.82,-0.7329
2020-10-26,Sumatra,24,,
2020-10-26,Kalimantan,0,,
2020-10-26,Pekanbaru,,,-1.821
2020-10-26,Palangka Raya,,,-2.144
2020-10-26,Pontianak,,,-0.6413
2020-10-26,Singapore,,,-1.02
2020-10-26,Kuching,,31.23,-1.175
2020-10-26,Kuala Lumpur,,,-1.375
2020-10-27,Sumatra,0,,
2020-10-27,Kalimantan,13,,
2020-10-27,Pekanbaru,,29.89,-2.204
2020-10-27,Palangka Raya,,,-0.8747
2020-10-27,Pontianak,,30.95,-1.357
2020-10-27,Singapore,,28.48,-1.781
2020-10-27,Kuching,,32.79,-1.194
2020-10-27,Kuala Lumpur,,29.47,-2.276
2020-10-28,Sumatra,106,,
2020-10-28,Kalimantan,9,,
2020-10-28,Pekanbaru,,,-2.967
2020-10-28,Palangka Raya,,31.38,-1.673
2020-10-28,Pontianak,,30.33,-2.143
2020-10-28,Singapore,,,-1.283
2020-10-28,Kuching,,29.74,-1.917
2020-10-28,Kuala Lumpur,,29.89,-2.619
2020-10-29,Sumatra,80,,
2020-10-29,Kalimantan,49,,
2020-10-29,Pekanbaru,,30.51,-0.4432
2020-10-29,Palangka Raya,,31.82,-2.29
2020-10-29,Pontianak,,31.9,-2.587
2020-10-29,Singapore,,29.95,-2.18
2020-10-29,Kuching,,,-2.269
2020-10-29,Kuala Lumpur,,,-2.216
2020-10-30,Sumatra,130,,
2020-10-30,Kalimantan,32,,
2020-10-30,Pekanbaru,,31.36,-1.306
2020-10-30,Palangka Raya,,31.03,-2.421
2020-10-30,Pontianak,,31.32,-1.832
2020-10-30,Singapore,,,-0.4413
2020-10-30,Kuching,,30.5,-2.016
2020-10-30,Kuala Lumpur,,32.84,-0.8958
2020-10-31,Sumatra,63,,
2020-10-31,Kalimantan,0,,
2020-10-31,Pekanbaru,,,-1.07
2020-10-31,Palangka Raya,,29.29,-2.155
2020-10-31,Pontianak,,,-0.4853
2020-10-31,Singapore,,,-0.7213
2020-10-31,Kuching,,29.57,-1.1
2020-10-31,Kuala Lumpur,,32.61,-1.236
2020-11-01,Sumatra,0,,
2020-11-01,Kalimantan,22,,
2020-11-01,Pekanbaru,,31.49,-2.699
2020-11-01,Palangka Raya,,30.65,-0.4646
2020-11-01,Pontianak,,,-1.015
2020-11-01,Singapore,,32.18,-2.045
2020-11-01,Kuching,,,-0.6672
2020-11-01,Kuala Lumpur,,28.74,-2.229
2020-11-02,Sumatra,0,,
2020-11-02,Kalimantan,0,,
2020-11-02,Pekanbaru,,32.82,-2.985
2020-11-02,Palangka Raya,,34.56,-1.415
2020-11-02,Pontianak,,33.05,-1.831
2020-11-02,Singapore,,30.26,-1.836
2020-11-02,Kuching,,35.46,-1.14
2020-11-02,Kuala Lumpur,,33.02,-1.841
2020-11-03,Sumatra,0,,
2020-11-03,Kalimantan,0,,
2020-11-03,Pekanbaru,,31.27,-2.132
2020-11-03,Palangka Raya,,34.69,-2.227
2020-11-03,Pontianak,,32.33,-2.875
2020-11-03,Singapore,,,-2.209
2020-11-03,Kuching,,32.92,-1.997
2020-11-03,Kuala Lumpur,,,-2.081
2020-11-04,Sumatra,17,,
2020-11-04,Kalimantan,0,,
2020-11-04,Pekanbaru,,,-0.4746
2020-11-04,Palangka Raya,,32.85,-2.751
2020-11-04,Pontianak,,31.8,-2.371
2020-11-04,Singapore,,,-0.2719
2020-11-04,Kuching,,33.31,-2.507
2020-11-04,Kuala Lumpur,,,-0.3918
2020-11-05,Sumatra,0,,
2020-11-05,Kalimantan,91,,
2020-11-05,Pekanbaru,,,-0.8948
2020-11-05,Palangka Raya,,24.5,-2.289
2020-11-05,Pontianak,,,-0.5464
2020-11-05,Singapore,,32.35,-0.931
2020-11-05,Kuching,,,-1.979
2020-11-05,Kuala Lumpur,,,-0.679
2020-11-06,Sumatra,11,,
2020-11-06,Kalimantan,6,,
2020-11-06,Pekanbaru,,28.84,-2.186
2020-11-06,Palangka Raya,,31.23,-0.7235
2020-11-06,Pontianak,,30.68,-0.9719
2020-11-06,Singapore,,30.48,-1.59
2020-11-06,Kuching,,29.62,-0.7588
2020-11-06,Kuala Lumpur,,30.67,-1.641
2020-11-07,Sumatra,0,,
2020-11-07,Kalimantan,12,,
2020-11-07,Pekanbaru,,,-1.717
2020-11-07,Palangka Raya,,28.84,-1.684
2020-11-07,Pontianak,,,-1.314
2020-11-07,Singapore,,,-0.9692
2020-11-07,Kuching,,,-1.037
2020-11-07,Kuala Lumpur,,28.91,-2.522
2020-11-08,Sumatra,0,,
2020-11-08,Kalimantan,9,,
2020-11-08,Pekanbaru,,,-2.639
2020-11-08,Palangka Raya,,30.56,-1.768
2020-11-08,Pontianak,,,-0.9854
2020-11-08,Singapore,,,-1.723
2020-11-08,Kuching,,27.72,-2.114
2020-11-08,Kuala Lumpur,,,-2.596
2020-11-09,Sumatra,6,,
2020-11-09,Kalimantan,0,,
2020-11-09,Pekanbaru,,30.45,-0.3716
2020-11-09,Palangka Raya,,34.14,-2.59
2020-11-09,Pontianak,,30.37,-2.095
2020-11-09,Singapore,,,-2.025
2020-11-09,Kuching,,32.67,-2.484
2020-11-09,Kuala Lumpur,,35.3,-0.2363
2020-11-10,Sumatra,0,,
2020-11-10,Kalimantan,150.3,,
2020-11-10,Pekanbaru,,29.82,-1.093
2020-11-10,Palangka Raya,,35.38,-2.556
2020-11-10,Pontianak,,31.01,-1.914
2020-11-10,Singapore,,,-0.2985
2020-11-10,Kuching,,29.09,-2.339
2020-11-10,Kuala Lumpur,,34.38,-0.9091
2020-11-11,Sumatra,25,,
2020-11-11,Kalimantan,0,,
2020-11-11,Pekanbaru,,31.34,-2.107
2020-11-11,Palangka Raya,,,-2.079
2020-11-11,Pontianak,,,-0.466
2020-11-11,Singapore,,31.82,-1.278
2020-11-11,Kuching,,29.99,-0.5331
2020-11-11,Kuala Lumpur,,31.4,-1.105
2020-11-12,Sumatra,0,,
2020-11-12,Kalimantan,609,,
2020-11-12,Pekanbaru,,34.91,-2.659
2020-11-12,Palangka Raya,,32.99,-1.627
2020-11-12,Pontianak,,31.15,-1.642
2020-11-12,Singapore,,32.48,-1.885
2020-11-12,Kuching,,31.72,-1.586
2020-11-12,Kuala Lumpur,,34.08,-2.565
2020-11-13,Sumatra,190.5,,
2020-11-13,Kalimantan,43,,
2020-11-13,Pekanbaru,,32.6,-2.361
2020-11-13,Palangka Raya,,31.94,-1.739
2020-11-13,Pontianak,,,-2.313
2020-11-13,Singapore,,31.39,-2.102
2020-11-13,Kuching,,31.83,-1.97
2020-11-13,Kuala Lumpur,,35.04,-2.403
2020-11-14,Sumatra,30,,
2020-11-14,Kalimantan,63,,
2020-11-14,Pekanbaru,,32.47,-0.7701
2020-11-14,Palangka Raya,,31.99,-2.149
2020-11-14,Pontianak,,,-1.883
2020-11-14,Singapore,,,-1.921
2020-11-14,Kuching,,38.24,-2.713
2020-11-14,Kuala Lumpur,,,-1.813
2020-11-15,Sumatra,38,,
2020-11-15,Kalimantan,9,,
2020-11-15,Pekanbaru,,31.99,-0.7452
2020-11-15,Palangka Raya,,30.63,-2.56
2020-11-15,Pontianak,,32.99,-1.846
2020-11-15,Singapore,,,-0.4475
2020-11-15,Kuching,,32.65,-2.255
2020-11-15,Kuala Lumpur,,31.57,-1.046
2020-11-16,Sumatra,14,,
2020-11-16,Kalimantan,17.96,,
2020-11-16,Pekanbaru,,33.62,-1.993
2020-11-16,Palangka Raya,,29.39,-2.047
2020-11-16,Pontianak,,31.66,-0.222
2020-11-16,Singapore,,33.53,-1.473
2020-11-16,Kuching,,,-0.2832
2020-11-16,Kuala Lumpur,,32.94,-1.381
2020-11-17,Sumatra,0,,
2020-11-17,Kalimantan,4,,
2020-11-17,Pekanbaru,,31.72,-2.421
2020-11-17,Palangka Raya,,30.22,-1.582
2020-11-17,Pontianak,,33,-1.221
2020-11-17,Singapore,,30.46,-1.231
2020-11-17,Kuching,,,-0.7702
2020-11-17,Kuala Lumpur,,31.96,-1.872
2020-11-18,Sumatra,68,,
2020-11-18,Kalimantan,0,,
2020-11-18,Pekanbaru,,32.8,-2.283
2020-11-18,Palangka Raya,,30.79,-1.916
2020-11-18,Pontianak,,30.79,-1.962
2020-11-18,Singapore,,32.33,-2.279
2020-11-18,Kuching,,28.2,-1.005
2020-11-18,Kuala Lumpur,,32.59,-2.421
2020-11-19,Sumatra,0,,
2020-11-19,Kalimantan,0,,
2020-11-19,Pekanbaru,,32.64,-2.014
2020-11-19,Palangka Raya,,29.88,-1.893
2020-11-19,Pontianak,,29.3,-2.61
2020-11-19,Singapore,,29.48,-2.093
2020-11-19,Kuching,,,-1.447
2020-11-19,Kuala Lumpur,,30.48,-1.546
2020-11-20,Sumatra,19,,
2020-11-20,Kalimantan,0,,
2020-11-20,Pekanbaru,,32.58,-0.8169
2020-11-20,Palangka Raya,,29.43,-2.695
2020-11-20,Pontianak,,28.05,-2.605
2020-11-20,Singapore,,,-0.1876
2020-11-20,Kuching,,27.39,-2.458
2020-11-20,Kuala Lumpur,,29.37,-0.2891
2020-11-21,Sumatra,0,,
2020-11-21,Kalimantan,0,,
2020-11-21,Pekanbaru,,30.62,-1.249
2020-11-21,Palangka Raya,,30.22,-2.279
2020-11-21,Pontianak,,,-0.1712
2020-11-21,Singapore,,,-0.4806
2020-11-21,Kuching,,,-1.505
2020-11-21,Kuala Lumpur,,,-0.7265
2020-11-22,Sumatra,9,,
2020-11-22,Kalimantan,9,,
2020-11-22,Pekanbaru,,24.91,-2.001
2020-11-22,Palangka Raya,,,-0.1618
2020-11-22,Pontianak,,28.32,-0.5035
2020-11-22,Singapore,,23.74,-1.551
2020-11-22,Kuching,,29.07,-1.115
2020-11-22,Kuala Lumpur,,26.62,-1.827
2020-11-23,Sumatra,0,,
2020-11-23,Kalimantan,0,,
2020-11-23,Pekanbaru,,26.18,-2.614
2020-11-23,Palangka Raya,,27.43,-1.484
2020-11-23,Pontianak,,27.46,-1.85
2020-11-23,Singapore,,23.88,-2.04
2020-11-23,Kuching,,,-1.196
2020-11-23,Kuala Lumpur,,20.87,-1.895
2020-11-24,Sumatra,0,,
2020-11-24,Kalimantan,0,,
2020-11-24,Pekanbaru,,27.59,-1.968
2020-11-24,Palangka Raya,,,-1.622
2020-11-24,Pontianak,,26.72,-1.158
2020-11-24,Singapore,,,-1.355
2020-11-24,Kuching,,25.72,-2.189
2020-11-24,Kuala Lumpur,,,-1.971
2020-11-25,Sumatra,0,,
2020-11-25,Kalimantan,0,,
2020-11-25,Pekanbaru,,,-0.2778
2020-11-25,Palangka Raya,,26.06,-2.65
2020-11-25,Pontianak,,29.45,-1.955
2020-11-25,Singapore,,,-1.669
2020-11-25,Kuching,,27.43,-2.518
2020-11-25,Kuala Lumpur,,,-0.2537
2020-11-26,Sumatra,0,,
2020-11-26,Kalimantan,0,,
2020-11-26,Pekanbaru,,,-0.8446
2020-11-26,Palangka Raya,,27.58,-2.544
2020-11-26,Pontianak,,,-2.35
2020-11-26,Singapore,,,-0.6439
2020-11-26,Kuching,,,-1.943
2020-11-26,Kuala Lumpur,,28.49,-0.6871
2020-11-27,Sumatra,0,,
2020-11-27,Kalimantan,0,,
2020-11-27,Pekanbaru,,,-1.92
2020-11-27,Palangka Raya,,,-1.877
2020-11-27,Pontianak,,,-0.5708
2020-11-27,Singapore,,27.81,-1.312
2020-11-27,Kuching,,,-0.6158
2020-11-27,Kuala Lumpur,,28.36,-1.523
2020-11-28,Sumatra,0,,
2020-11-28,Kalimantan,0,,
2020-11-28,Pekanbaru,,,-2.871
2020-11-28,Palangka Raya,,,-0.5334
2020-11-28,Pontianak,,27.34,-1.473
2020-11-28,Singapore,,,-1.598
2020-11-28,Kuching,,28.31,-1.765
2020-11-28,Kuala Lumpur,,,-2.242
2020-11-29,Sumatra,0,,
2020-11-29,Kalimantan,0,,
2020-11-29,Pekanbaru,,28.03,-2.363
2020-11-29,Palangka Raya,,29.25,-1.556
2020-11-29,Pontianak,,,-1.588
2020-11-29,Singapore,,,-2.368
2020-11-29,Kuching,,,-0.8167
2020-11-29,Kuala Lumpur,,,-2.359
2020-11-30,Sumatra,0,,
2020-11-30,Kalimantan,0,,
2020-11-30,Pekanbaru,,,0.05185
2020-11-30,Palangka Raya,,27.51,-2.348
2020-11-30,Pontianak,,28.66,-2.949
2020-11-30,Singapore,,31.75,-1.686
2020-11-30,Kuching,,27.34,-2.18
2020-11-30,Kuala Lumpur,,,-1.641
