km,y1975,y1980,y1985,y1990,y1995,y2000,y2005,y2010,y2015,y2020
1,0.37156,0.371805,0.372084,0.372357,0.372431,0.372506,0.372542,0.372578,0.372735,0.37337
3,0.401782,0.402352,0.403009,0.403754,0.404063,0.404439,0.404571,0.404703,0.404977,0.405854
5,0.380338,0.38219,0.384229,0.38645,0.387556,0.388666,0.389218,0.389805,0.390471,0.391472
7,0.324454,0.327547,0.330966,0.33457,0.339358,0.345024,0.346241,0.347679,0.349093,0.350171
9,0.291654,0.294859,0.298554,0.302663,0.310064,0.320047,0.321457,0.32291,0.324289,0.324936
11,0.252894,0.257433,0.262607,0.268336,0.273965,0.280463,0.283174,0.286224,0.289312,0.290508
13,0.21792,0.222394,0.227499,0.233078,0.239982,0.247748,0.25018,0.253095,0.256091,0.257545
15,0.190778,0.196633,0.203265,0.210568,0.220026,0.230378,0.232786,0.23567,0.238749,0.240333
17,0.154495,0.162025,0.170809,0.180399,0.193303,0.207269,0.211532,0.216534,0.221151,0.222238
19,0.117989,0.126195,0.135904,0.14666,0.161382,0.178417,0.182979,0.188451,0.193396,0.19514
21,0.100601,0.109283,0.119714,0.131161,0.148193,0.168323,0.173337,0.17899,0.184133,0.185893
23,0.097677,0.106393,0.117067,0.128827,0.144661,0.162537,0.168427,0.175384,0.182009,0.183867
25,0.0712354,0.079667,0.0903486,0.102165,0.115529,0.129888,0.137056,0.145844,0.154376,0.157459
27,0.0502884,0.0581973,0.068624,0.079882,0.0951449,0.112417,0.118686,0.125719,0.132436,0.135401
29,0.0377719,0.0445278,0.0534545,0.0634799,0.0765194,0.0915292,0.0986029,0.106782,0.114275,0.115852
31,0.0338181,0.0402703,0.0487127,0.0582273,0.0695435,0.0825467,0.0878691,0.0940226,0.100049,0.102149
33,0.0334633,0.038927,0.0461222,0.0544559,0.0627752,0.0724797,0.0774849,0.0834361,0.0893545,0.0921779
35,0.0257451,0.0308636,0.0376202,0.0454143,0.0531666,0.0623966,0.0672144,0.0728629,0.0785078,0.0814472
37,0.0247207,0.0297509,0.0363359,0.0439174,0.0508995,0.0588512,0.0635296,0.069124,0.0747531,0.0780919
39,0.0164111,0.0206384,0.0261867,0.0325054,0.038692,0.046016,0.0500566,0.0554333,0.060752,0.0631146
41,0.0137211,0.0174735,0.0223524,0.0280013,0.0323164,0.0374619,0.0408782,0.0453165,0.0497999,0.0518234
43,0.0121002,0.0152245,0.0192198,0.0240375,0.0274963,0.0316781,0.0336755,0.0363293,0.0389825,0.0401761
45,0.0136723,0.0165865,0.0203931,0.0249248,0.0280612,0.0320279,0.0339171,0.0364187,0.0389814,0.0403578
47,0.0115263,0.0141574,0.0177581,0.0219881,0.0245891,0.0277986,0.0292542,0.0310794,0.0329651,0.0343489
49,0.0120187,0.0148739,0.0186798,0.023155,0.0255385,0.0284309,0.0298935,0.0317814,0.0337155,0.0349296
51,0.00970795,0.0123901,0.0159984,0.0202482,0.0229909,0.0262821,0.0277877,0.02958,0.0314681,0.0325959
53,0.0102761,0.0128062,0.0161298,0.0201645,0.0237347,0.0283341,0.030021,0.0320895,0.0342097,0.0358064
55,0.00737305,0.00955225,0.0124215,0.0158185,0.0184793,0.0218676,0.0234411,0.025376,0.0273901,0.0287559
57,0.00681827,0.00897488,0.0118144,0.0151412,0.017212,0.0197466,0.0212325,0.0231169,0.0250862,0.026337
59,0.00670648,0.00880563,0.0115775,0.0149089,0.0171244,0.0197699,0.0209448,0.0223386,0.0237749,0.0247278
