GAUL2_NAME,built2000,built2020,pop2000,pop2020
Kota Denpasar,3.19945e+07,3.38707e+07,528179,928447
Kota Yogyakarta,1.44062e+07,1.44525e+07,433417,454196
Kota Bandung,5.50505e+07,5.77296e+07,3.13968e+06,3.84975e+06
Kota Semarang,5.61074e+07,6.62347e+07,1.53691e+06,2.03041e+06
Kota Malang,2.41535e+07,2.63539e+07,962509,1.06878e+06
Kota Surabaya,8.16376e+07,9.07919e+07,2.70794e+06,2.93478e+06
Kota Balikpapan,2.01429e+07,2.33397e+07,430562,683294
Kota Makassar,3.64194e+07,4.20332e+07,1.14284e+06,1.5451e+06
Kota Palembang,4.8331e+07,5.63409e+07,1.92504e+06,2.09773e+06
Kota Medan,7.06228e+07,7.26605e+07,2.15798e+06,2.53294e+06
Kota Batam,2.90801e+07,3.79805e+07,255729,1.22998e+06
Kota Pekanbaru,3.4775e+07,4.57661e+07,574687,1.08646e+06
DKI Jakarta,2.28793e+08,2.34688e+08,8.5606e+06,1.05117e+07
Jabodetabek (metro region),7.86313e+08,9.11284e+08,2.22832e+07,3.45647e+07
