year,smod,people
1975,10,-6.3662e+06
1975,11,547416
1975,12,1.2888e+07
1975,13,7.06865e+06
1975,21,1.91617e+07
1975,22,3.21483e+06
1975,23,2.20911e+07
1975,30,6.18474e+07
1980,10,-6.364e+06
1980,11,428786
1980,12,1.57542e+07
1980,13,7.40714e+06
1980,21,2.41149e+07
1980,22,3.92431e+06
1980,23,2.21207e+07
1980,30,6.98263e+07
1985,10,-6.3534e+06
1985,11,152516
1985,12,1.75451e+07
1985,13,8.16253e+06
1985,21,3.05033e+07
1985,22,4.52217e+06
1985,23,2.24035e+07
1985,30,7.76727e+07
1990,10,-6.328e+06
1990,11,-66066.8
1990,12,1.82274e+07
1990,13,9.11159e+06
1990,21,3.63883e+07
1990,22,5.41463e+06
1990,23,2.2678e+07
1990,30,8.53275e+07
1995,10,-6.328e+06
1995,11,-110743
1995,12,1.89052e+07
1995,13,9.70798e+06
1995,21,3.87789e+07
1995,22,5.76804e+06
1995,23,2.33299e+07
1995,30,9.64602e+07
2000,10,-6.3262e+06
2000,11,-220740
2000,12,1.95653e+07
2000,13,1.04451e+07
2000,21,4.14817e+07
2000,22,6.20614e+06
2000,23,2.42056e+07
2000,30,1.06869e+08
2005,10,-6.323e+06
2005,11,-228979
2005,12,2.01174e+07
2005,13,1.1268e+07
2005,21,4.43862e+07
2005,22,6.39008e+06
2005,23,2.47339e+07
2005,30,1.16397e+08
2010,10,-6.323e+06
2010,11,-284376
2010,12,2.0707e+07
2010,13,1.18994e+07
2010,21,4.73447e+07
2010,22,6.91882e+06
2010,23,2.4947e+07
2010,30,1.26516e+08
2015,10,-6.323e+06
2015,11,-346033
2015,12,2.12432e+07
2015,13,1.24832e+07
2015,21,5.0877e+07
2015,22,7.42318e+06
2015,23,2.5521e+07
2015,30,1.35672e+08
2020,10,-6.3176e+06
2020,11,-442605
2020,12,2.19265e+07
2020,13,1.29908e+07
2020,21,5.42052e+07
2020,22,7.97759e+06
2020,23,2.59046e+07
2020,30,1.42769e+08
2025,10,-6.3176e+06
2025,11,-469019
2025,12,2.15909e+07
2025,13,1.37395e+07
2025,21,5.7026e+07
2025,22,8.8633e+06
2025,23,2.66081e+07
2025,30,1.47891e+08
2030,10,-6.3176e+06
2030,11,-516783
2030,12,2.16479e+07
2030,13,1.42952e+07
2030,21,5.92378e+07
2030,22,9.54873e+06
2030,23,2.67814e+07
2030,30,1.54164e+08
