bldg2016_pct,bldg2023_pct,built_pct,green_pct,h3,low_pct,lst_c,tree_pct,new_bldg_low_m2,new_bldg_m2,people,people_near_park,area_ha,lat,lon
32.36,33.781,64.345,9.209,888d808001fffff,34.757,43.838,0.47451,1614.6,17454,1896.2,0,67.9,-7.2392,112.69
43.047,44.173,95.921,3.716,888d808003fffff,0,44.88,2.6414,0,27093,3949.3,0,67.908,-7.2389,112.69
21.532,22.856,75.09,4.9243,888d808005fffff,40.434,44.093,2.5467,6205.8,20882,3304.3,0,67.902,-7.2324,112.7
32.959,32.558,79.004,3.3203,888d808007fffff,38.441,43.761,2.4985,5153.8,16625,2612.9,0,67.911,-7.2321,112.69
40.249,40.815,85.987,8.5157,888d808009fffff,28.052,44.946,0.68537,6088.9,22008,3850.5,0,67.889,-7.2462,112.7
54.613,57.978,99.434,0.52263,888d80800bfffff,0.024537,46.766,0.30487,169.09,32056,5563.7,0,67.897,-7.2459,112.69
32.018,33.71,78.645,16.024,888d80800dfffff,39.585,44.378,0.60941,11697,32879,3230.3,0,67.891,-7.2395,112.7
51.806,53.179,87.177,11.65,888d808011fffff,23.961,45.929,0.10302,7246.8,34023,3892.6,0,67.914,-7.2453,112.67
23.001,29.248,47.663,27.434,888d808013fffff,37.365,44.022,0.82717,17094,50321,1537.2,0,67.922,-7.245,112.66
29.909,33.434,70.151,21.353,888d808015fffff,14.117,44.042,4.6403,16963,34686,2997.1,0,67.916,-7.2386,112.68
0,5.8278,12.614,43.282,888d808017fffff,60.397,43.726,1.8651,27153,38228,7.7011,0,67.925,-7.2383,112.67
50.389,52.015,90.21,8.5172,888d808019fffff,0,43.807,5.2625,0,33558,3971.9,0,67.903,-7.2524,112.68
28.843,31.707,55.187,8.8297,888d80801bfffff,0,40.329,5.5101,0,29596,1939.9,0,67.911,-7.2521,112.67
42.703,48.233,90.569,9.4311,888d80801dfffff,0,44.578,9.1989,0,54197,6365.5,0,67.905,-7.2456,112.68
13.244,15.09,73.469,6.4144,888d808029fffff,36.494,43.17,2.7646,5101.2,18087,3459.8,0,67.905,-7.2256,112.7
17.766,15.476,61.218,8.4432,888d80802bfffff,69.028,41.357,6.1654,6324.6,10105,2578.1,0,67.913,-7.2253,112.7
18.969,19.127,54.392,12.642,888d808031fffff,65.797,39.701,8.6328,2975.5,6810.8,2106.5,0,67.93,-7.2247,112.68
27.618,29.651,66.536,13.715,888d808033fffff,52.967,41.592,4.2203,19650,25018,2201.5,0,67.939,-7.2244,112.67
43.518,45.352,94.212,4.689,888d808039fffff,21.302,44.963,2.4145,4514.1,38447,4693.8,0,67.919,-7.2318,112.68
18.65,18.843,74.811,9.6498,888d80803bfffff,19.226,42.889,3.507,1750.1,18487,3631.2,0,67.928,-7.2315,112.67
1.6141,1.6791,7.675,4.1915,888d80803dfffff,77.098,33.459,3.0469,99.352,2224.7,363.46,0,67.922,-7.225,112.69
51.226,55.724,97.846,2.1538,888d808041fffff,0,44.897,1.4144,0,59340,9136.2,0,67.869,-7.2536,112.71
34.542,38.727,74.658,16.325,888d808043fffff,24.591,44.306,2.2838,18213,60180,5589.1,0,67.877,-7.2533,112.7
36.245,37.069,83.281,14.359,888d808045fffff,3.4627,44.994,5.7741,881.7,34931,8268.6,0,67.872,-7.2468,112.71
24.87,34.319,58.985,19.398,888d808047fffff,58.384,42.762,0.65956,51359,77375,4187.6,0,67.88,-7.2465,112.7
52.888,55.627,89.333,10.667,888d808049fffff,0,44.705,7.9545,0,45690,8081.7,0,67.858,-7.2606,112.71
42.722,43.955,60.623,38.92,888d80804bfffff,0,43.381,11.752,0,25808,5234.9,0,67.866,-7.2603,112.7
53.754,56.786,94.718,4.4829,888d80804dfffff,0,43.595,4.0428,0,54536,9923.4,0,67.861,-7.2539,112.72
51.412,53.765,86.976,12.762,888d808051fffff,2.4738,44.348,9.2924,1192.2,45125,6890.4,0,67.883,-7.2597,112.69
50.682,52.853,87.958,11.911,888d808053fffff,0,43.614,10.594,0,48294,7921.4,0,67.892,-7.2594,112.68
36.138,48.437,73.129,22.342,888d808055fffff,45.094,44.065,1.9144,66143,95018,2471.7,0,67.886,-7.253,112.69
51.797,52.356,88.339,10.28,888d808057fffff,0.57934,44.653,7.4182,0,27460,3962.3,0,67.894,-7.2527,112.68
38.764,42.587,84.654,15.346,888d808059fffff,0,44.312,12.654,0,46398,11462,0,67.872,-7.2668,112.69
33.868,41.214,73.888,20.989,888d80805bfffff,0,44.252,6.1324,0,64846,7297.9,0,67.881,-7.2665,112.68
49.159,49.609,88.425,11.406,888d80805dfffff,0.96118,44.48,5.7526,0,39064,6878.5,0,67.875,-7.26,112.69
34.248,34.905,51.926,0.17425,888d808061fffff,49.558,38.728,0.17425,1291.6,24762,4848.4,0,67.885,-7.233,112.71
52.375,55.431,96.996,1.2682,888d808063fffff,17.094,43.861,0.21966,9738.4,54966,5164.2,0,67.894,-7.2327,112.71
8.2052,9.617,43.941,35.195,888d808065fffff,77.852,40.952,24.535,9635.9,17245,3650.3,0,67.888,-7.2262,112.72
12.268,14.156,42.349,22.518,888d808067fffff,72.306,39.177,10.727,13416,22018,3913.3,0,67.896,-7.2259,112.71
57.498,59.622,94.879,0.90571,888d808069fffff,4.4525,43.604,0.11527,1092.9,45726,9206,0,67.874,-7.2401,112.72
36.975,41.381,75.884,12.489,888d80806bfffff,30.811,43.142,3.6652,15903,61286,6123.6,0,67.883,-7.2398,112.71
36.842,39.68,78.926,7.5094,888d80806dfffff,28.919,42.143,5.3008,5897.2,43374,8207.3,586.69,67.877,-7.2333,112.72
17.747,20.699,44.532,7.1354,888d808081fffff,27.583,39.529,2.1926,1050,34244,3660.9,0,67.959,-7.2371,112.64
40.468,43.012,89.485,3.2859,888d808083fffff,2.479,41.274,0.81154,0,56791,7773,4530.4,67.967,-7.2368,112.63
0,0,0,5.0309,888d808085fffff,64.566,37.225,0.10152,0,0,4.5543,0,67.961,-7.2303,112.64
0,0,0,6.0647,888d808087fffff,40.315,38.487,0.061021,0,0,3.199,0,67.97,-7.23,112.63
21.625,27.246,61.59,22.699,888d808089fffff,24.128,39.972,4.4945,4593.2,64415,4496,0,67.948,-7.2441,112.64
14.237,16.811,47.333,40.256,888d80808bfffff,0,40.216,13.069,0,29700,3345.5,752.75,67.956,-7.2438,112.63
0,0,0,18.188,888d80808dfffff,68.249,38.424,0,0,0,5.7265,0,67.95,-7.2374,112.65
22.29,28.426,67.962,16.876,888d808091fffff,0,40.33,8.8874,0,62693,4950.9,763.59,67.973,-7.2432,112.62
16.866,23.247,47.841,13.479,888d808093fffff,0,40.195,8.9726,0,53376,3616.7,0,67.981,-7.2429,112.61
20.63,23.544,47.095,29.525,888d808095fffff,0,38.297,13.421,0,36558,4040.4,3966.1,67.976,-7.2365,112.62
26.555,30.34,69.519,23.003,888d808097fffff,0,39.766,13.489,0,54887,5079.6,625.24,67.984,-7.2362,112.61
0.65472,14.906,32.383,41.97,888d808099fffff,0,41.106,0.61189,0,95904,214.12,211.31,67.962,-7.2503,112.62
12.182,14.234,38.033,19.96,888d80809dfffff,0,41.122,13.759,0,24961,2579,2356.2,67.964,-7.2435,112.62
0,0,15.307,19.809,888d8080a1fffff,67.424,39.764,0.62281,0,0,20.705,0,67.975,-7.2165,112.64
0,0,0.047876,3.4985,888d8080a3fffff,93.809,36.902,1.8647,0,0,5.8429,0,67.983,-7.2162,112.64
8.3035,9.6012,27.883,15.115,888d8080a5fffff,61.225,39.792,5.3836,6663.2,13975,1046.1,0,67.978,-7.2097,112.65
0.86812,7.1093,17.251,23.267,888d8080a7fffff,74.494,38.951,1.6094,32841,46374,111.1,0,67.986,-7.2094,112.64
0,0,8.957,11.005,888d8080a9fffff,75.151,37.951,1.3707,0,0,18.692,0,67.964,-7.2235,112.65
0.023714,0.10151,0.32648,5.7666,888d8080abfffff,85.63,37.56,0.1035,993.52,993.52,2.4202,0,67.972,-7.2232,112.64
3.8067,4.4535,34.776,26.264,888d8080adfffff,57.041,40.765,9.0138,4868.2,9877.9,689.1,0,67.967,-7.2168,112.65
3.4625,3.271,16.192,19.662,888d8080b1fffff,9.2378,39.323,1.2171,0,2965,300.93,0,67.989,-7.2226,112.62
6.0009,6.7257,15.485,6.1274,888d8080b3fffff,0.079755,35.583,1.522,0,9740.4,416.04,0,67.998,-7.2223,112.62
0.35436,2.479,8.1204,13.225,888d8080b5fffff,41.177,39.476,6.8133,0,14009,49.756,0,67.992,-7.2159,112.63
0.59363,0.57413,2.2779,4.3096,888d8080b7fffff,62.411,36.943,0.40081,99.352,114.55,54.791,0,68,-7.2156,112.62
6.704,7.7167,15.005,6.2947,888d8080b9fffff,1.5232,36.794,0.47849,0,10814,814.91,222.56,67.978,-7.2297,112.63
1.9347,2.1076,9.5139,15.575,888d8080bbfffff,0,36.403,0.47223,0,6256,213.53,0,67.987,-7.2294,112.62
0.0052312,0,1.3896,11.128,888d8080bdfffff,63.512,40.426,5.0083,0,0,0,0,67.981,-7.2229,112.63
31.673,35.948,68.448,16.819,888d8080c1fffff,3.4251,41.011,11.607,0,49732,5474.3,0,67.928,-7.2515,112.65
40.392,47.761,86.005,13.052,888d8080c3fffff,0,42.061,9.2,0,86763,7814.6,0,67.936,-7.2512,112.64
0,0,0.1451,42.837,888d8080c5fffff,51.792,41.087,0.96801,0,0,0,0,67.931,-7.2447,112.66
4.5196,8.0159,16.15,25.163,888d8080c7fffff,44.57,37.293,3.8312,7669.2,25091,991.75,0,67.939,-7.2444,112.65
27.095,34.529,71.337,15.845,888d8080c9fffff,0,41.063,13.564,0,71606,5621.6,0,67.917,-7.2586,112.65
29.398,35.332,75.83,13.252,888d8080cbfffff,0,41.464,11.778,0,61582,6064.1,0,67.925,-7.2583,112.65
17.271,21.43,53.734,32.637,888d8080cdfffff,18.01,41.221,9.1414,3278.6,39792,2893.4,0,67.92,-7.2518,112.66
16.958,23.221,55.805,29.286,888d8080d1fffff,0,41.158,17.269,0,52670,4064.5,882.27,67.942,-7.2577,112.63
2.7131,12.911,36.729,28.616,888d8080d3fffff,0,41.609,5.7638,0,73261,614.57,606.48,67.951,-7.2574,112.62
31.956,38.92,76.345,19.534,888d8080d5fffff,0,41.297,12.68,0,66811,6664.6,0,67.945,-7.2509,112.64
20.477,28.745,67.139,20.329,888d8080d7fffff,0,41.341,11.335,0,76161,5211.8,411.87,67.953,-7.2506,112.63
2.7428,4.8577,14.866,10.133,888d8080d9fffff,0,42.05,5.8016,0,14610,571.5,0,67.931,-7.2647,112.63
13.682,19.541,44.673,21.774,888d8080ddfffff,0,41.019,10.935,0,48281,3164.4,0,67.934,-7.258,112.64
5.7605,8.8804,30.39,21.163,888d8080e1fffff,56.666,40.059,1.9771,16847,24513,754.63,0,67.944,-7.2309,112.66
0.029011,0,0,7.8569,888d8080e3fffff,78.661,38.593,0.33568,0,0,3.4158,0,67.953,-7.2306,112.65
15.108,19.958,52.883,20.083,888d8080e5fffff,71.683,43.196,2.6566,39942,51240,1991.2,0,67.947,-7.2241,112.66
20.671,24.194,82.287,8.7687,888d8080e7fffff,76.118,45.67,0.70973,22218,31123,2141.5,0,67.956,-7.2238,112.66
0,0.10913,0,49.632,888d8080e9fffff,51.753,39.697,2.9087,690.01,690.01,0.12415,0,67.933,-7.238,112.66
0,0,0,34.136,888d8080ebfffff,75.231,36.264,0.95682,0,0,0,0,67.942,-7.2377,112.65
25.479,28.771,62.869,11.966,888d8080edfffff,48.696,42.567,1.8795,9757.9,36470,3093.4,0,67.936,-7.2312,112.67
23.649,27.951,71.515,22.557,888d808141fffff,12.957,42.339,19.264,16790,46571,10051,0,67.887,-7.2063,112.74
18.204,19.122,71.599,5.3234,888d808143fffff,42.088,40.863,4.9827,8784.6,31438,6329,0,67.896,-7.206,112.73
5.3137,6.4378,14.869,12.007,888d808145fffff,57.989,36.54,7.2013,3477.3,9879.4,1032.6,0,67.89,-7.1995,112.75
19.374,19.738,46.16,0.36298,888d808147fffff,51.491,39.199,0.27587,3882.9,16001,6898.8,0,67.899,-7.1992,112.74
14.981,17.695,46.999,32.116,888d808149fffff,10.559,40.889,24.075,384.16,28444,4942.1,0,67.876,-7.2133,112.75
32.152,34.238,83.391,9.6624,888d80814bfffff,0,43.08,6.1647,0,35968,7757.1,0,67.885,-7.213,112.74
8.7867,3.3766,24.146,34.631,888d80814dfffff,59.504,40.869,11.109,298.05,5126.9,1957.7,0,67.879,-7.2066,112.75
7.208,7.2931,91.71,1.5423,888d808151fffff,29.513,45.138,1.3245,4473.5,14388,7353.5,0,67.902,-7.2124,112.72
3.9078,1.5968,37.615,0.27823,888d808155fffff,60.85,37.43,0.27823,1240.1,4514.1,4692.6,0,67.904,-7.2057,112.73
19.228,20.842,95.844,4.0249,888d808159fffff,0.64151,45.62,4.0104,1.9481,23376,7125.6,0,67.891,-7.2195,112.72
20.866,22.89,68.195,28.589,888d80815bfffff,43.838,42.791,18.728,11221,26730,6876.4,0,67.899,-7.2192,112.72
26.103,28.225,97.038,0.991,888d80815dfffff,14.213,43.938,0.97648,4082.4,33618,8490.2,0,67.893,-7.2127,112.73
5.6543,10.892,28.447,15.975,888d808199fffff,95.999,38.914,0.87003,37565,38010,247.02,0,67.98,-7.203,112.65
9.5961,20.754,53.065,11.782,888d80819bfffff,73.125,40.38,3.4927,56062,78584,874.23,0,67.989,-7.2027,112.65
0.10446,2.907,6.9663,19.411,888d80819dfffff,98.548,35.231,3.4438,19045,19045,162.58,0,67.983,-7.1962,112.66
5.8957,5.0581,16.744,7.2642,888d8081d3fffff,90.737,35.277,5.5156,1390.9,2619.4,618.27,0,67.969,-7.21,112.66
0.013592,0.063697,1.1558,1.9655,888d8081d7fffff,86.531,32.279,1.4054,90.39,189.74,6.9967,0,67.972,-7.2033,112.66
0.15955,4.2604,4.4828,24.556,888d8081dbfffff,92.649,38.556,0.15984,25404,27689,33.252,0,67.958,-7.2171,112.66
41.232,45.283,92.774,7.2264,888d808201fffff,0,43.436,7.0374,0,54362,14924,5235.9,67.822,-7.2886,112.72
26.66,27.989,70.9,29.093,888d808203fffff,0,42.213,26.652,0,33481,7491.4,3774.8,67.83,-7.2883,112.71
62.714,63.77,97.272,2.7282,888d808205fffff,0,44.406,2.1927,0,40499,9341,0,67.825,-7.2818,112.72
52.574,56.541,97.2,2.7999,888d808207fffff,0,44.166,2.7127,0,60078,11121,0,67.833,-7.2815,112.71
39.048,43.354,86.449,13.493,888d808209fffff,0,43.206,11.316,0,58394,12615,5958,67.811,-7.2956,112.72
29.208,32.396,64.141,35.816,888d80820bfffff,0,42.268,32.672,0,43368,8372.3,0,67.819,-7.2953,112.71
41.703,43.659,79.096,20.599,888d80820dfffff,0,42.881,14.521,0,41736,10130,5069.4,67.814,-7.2889,112.72
16.052,18.916,54.902,41.958,888d808211fffff,0,41.874,22.143,0,29749,6831.7,0,67.836,-7.2947,112.69
12.962,13.764,37.131,60.577,888d808213fffff,0,40.87,25.724,0,18098,5758,0,67.845,-7.2944,112.69
27.137,30.137,73.618,26.306,888d808215fffff,0,42.431,25.44,0,48416,8890.8,1780.5,67.839,-7.288,112.7
22.922,24.947,49.804,50.007,888d808217fffff,0,42.195,24.096,0,29485,7154.3,0,67.847,-7.2877,112.69
10.664,13.467,38.629,59.165,888d808219fffff,0,40.908,44.73,0,21836,4243.6,0,67.825,-7.3018,112.7
17.699,21.789,55.594,43.877,888d80821bfffff,0,41.306,28.155,0,35836,7384.1,0,67.834,-7.3015,112.69
8.1997,8.9541,17.816,81.839,888d80821dfffff,0,39.078,70.85,0,13177,2440.8,65.386,67.828,-7.295,112.7
70.323,75.056,98.89,1.1103,888d808221fffff,0,44.591,0.5727,0,65239,10701,0,67.838,-7.268,112.72
63.122,66.81,95.34,4.6604,888d808223fffff,0,44.285,3.5273,0,57128,9895.5,0,67.847,-7.2677,112.71
55.62,58.625,97.679,2.3207,888d808225fffff,0,43.085,2.2916,0,53059,12684,0,67.841,-7.2612,112.73
67.377,69.472,99.434,0.56595,888d808227fffff,0,43.975,0.13075,0,48892,10531,0,67.85,-7.2609,112.72
71.831,73.685,99.692,0.30831,888d808229fffff,0,45.224,0.30831,0,56405,10234,0,67.827,-7.275,112.73
55.366,55.508,75.936,23.352,888d80822bfffff,0,44.406,16.407,0,32337,7593.6,0,67.836,-7.2747,112.72
65.192,69.139,99.084,0.91551,888d80822dfffff,0,43.816,0.85738,0,58905,12375,0,67.83,-7.2683,112.73
51.653,54.943,93.789,5.6297,888d808231fffff,0,44.325,5.4699,0,48369,10798,0,67.853,-7.2742,112.7
14.498,16.438,40.937,58.031,888d808233fffff,0,44.002,33.019,0,24796,4382.5,0,67.861,-7.2739,112.69
54.643,58.819,92.191,7.8091,888d808235fffff,0,44.35,7.2718,0,54731,8499.8,0,67.855,-7.2674,112.71
51.162,55.768,94.112,5.8362,888d808237fffff,0,44.62,4.8856,0,57518,9145.5,0,67.864,-7.2671,112.7
39.966,43.428,91.165,8.817,888d808239fffff,0,44.182,8.7735,0,57495,13051,1503.2,67.842,-7.2812,112.7
43.219,47.367,91.27,8.6723,888d80823bfffff,0,44.288,8.2365,0,52727,11527,0,67.85,-7.2809,112.7
48.853,52.336,89.831,10.169,888d80823dfffff,0,44.821,10.009,0,47288,10240,0,67.844,-7.2745,112.71
55.12,58.3,90.651,3.2419,888d808241fffff,0,43.411,3.0206,0,55754,8978.2,1116.9,67.791,-7.303,112.73
38.486,39.244,75.483,24.468,888d808243fffff,0,43.678,18.103,0,45535,7078.4,0,67.8,-7.3027,112.72
37.348,41.305,74.647,22.184,888d808245fffff,0,42.3,21.731,0,47380,8741.3,5538.8,67.794,-7.2962,112.73
36.094,40.188,88.258,11.742,888d808247fffff,0,43.772,8.2126,0,56377,8830.5,2826.6,67.803,-7.2959,112.73
46.105,50.484,95.472,4.3386,888d808249fffff,0,43.722,4.0478,0,62579,10639,0,67.78,-7.31,112.73
42.244,46.827,85.599,9.1645,888d80824bfffff,0,42.99,7.0817,0,59766,9409.4,0,67.789,-7.3097,112.72
45.73,48.658,89.043,6.2049,888d80824dfffff,0,43.283,4.5175,0,49041,11036,0,67.783,-7.3033,112.74
26.194,29.56,68.111,28.087,888d808251fffff,0,41.908,26.415,0,40346,5244.7,478.55,67.806,-7.3091,112.71
19.706,25.861,57.571,41.744,888d808253fffff,0,41.991,23.179,0,55817,3725.1,0,67.814,-7.3088,112.7
7.6109,8.0533,17.479,82.498,888d808255fffff,0,41.065,55.127,0,11493,1670.5,0,67.808,-7.3024,112.71
21.068,25.883,57.794,41.015,888d808257fffff,0,41.409,38.321,0,49620,5995.3,0,67.817,-7.3021,112.71
48.32,52.343,89.943,5.1655,888d808259fffff,0,42.745,4.9395,0,55443,9277,7257.3,67.795,-7.3162,112.71
43.524,47.168,81.485,17.258,888d80825bfffff,0,42.638,10.969,0,44448,8483.7,0,67.803,-7.3159,112.7
36.424,39.128,71.161,14.824,888d80825dfffff,0,41.725,12.479,0,41373,7201.6,2083.6,67.797,-7.3094,112.72
36.584,40.117,91.042,8.9578,888d808261fffff,0,42.629,8.8706,0,47357,12411,0,67.808,-7.2824,112.74
44.642,46.067,91.174,8.8257,888d808263fffff,0,43.537,7.0347,0,35494,10119,0,67.816,-7.2821,112.73
50.453,53.783,91.694,5.552,888d808265fffff,0,43.035,5.1716,0,55732,15382,2.6848,67.811,-7.2756,112.74
70.159,72.573,99.591,0.409,888d808267fffff,0,44.479,0.34312,0,56071,10115,0,67.819,-7.2753,112.73
38.832,41.7,85.512,13.29,888d808269fffff,0,42.453,12.829,0,51262,9715.5,7033.4,67.797,-7.2894,112.74
44.55,47.786,93.087,6.4045,888d80826bfffff,0,43.652,4.9061,0,52489,13561,593.17,67.805,-7.2892,112.73
48.49,50.856,89.688,7.799,888d80826dfffff,0,42.916,7.4706,0,41462,11819,0,67.799,-7.2827,112.74
17.212,21.239,53.387,25.926,888d808281fffff,0,42.357,10.968,0,37148,5134.4,0,67.881,-7.2865,112.66
31.677,36.728,79.515,18.33,888d808283fffff,0,42.804,16.888,0,45062,9927.2,0,67.889,-7.2862,112.65
13.029,18.116,36.455,59.912,888d808285fffff,0,41.625,27.527,0,41396,3389.2,6.7531,67.884,-7.2797,112.66
24.569,30.906,67.023,29.831,888d808287fffff,0,42.363,28.239,0,70815,6772,0,67.892,-7.2794,112.66
5.0341,6.5434,20.088,77.721,888d808289fffff,0,41.719,30.626,0,11906,1768.7,668.75,67.87,-7.2935,112.66
25.275,31.024,75.471,23.501,888d80828bfffff,0,42.963,14.942,0,49367,8339.2,0,67.878,-7.2932,112.65
29.389,36.644,75.289,23.172,888d80828dfffff,0,42.762,17.881,0,61271,9625,3058.3,67.873,-7.2868,112.67
5.9254,7.2211,18.098,79.032,888d808291fffff,0,39.809,42.721,0,15866,1438.3,0,67.895,-7.2927,112.64
3.4648,6.3591,9.7525,85.529,888d808293fffff,0,39.839,56.215,0,22870,640.08,0,67.904,-7.2924,112.63
7.9144,10.447,23.449,73.432,888d808295fffff,0,40.125,41.255,0,23741,3166.4,0,67.898,-7.2859,112.64
5.347,7.0977,20.403,73.987,888d808297fffff,0,40.173,44.358,0,17533,1498.8,0,67.906,-7.2856,112.64
15.588,19.801,40.088,59.491,888d808299fffff,0,40.638,42.2,0,41069,4334.9,163.99,67.884,-7.2997,112.64
28.105,33.119,59.912,39.586,888d80829bfffff,0,41.286,32.625,0,54123,5244.3,0,67.893,-7.2994,112.63
15.195,21.178,54.275,42.954,888d80829dfffff,0,40.716,34.785,0,48148,5588,0,67.887,-7.2929,112.65
62.439,64.742,99.525,0.47512,888d8082a1fffff,0,44.609,0.47512,0,55431,9987.3,0,67.897,-7.2659,112.67
40.509,46.806,84.78,14.129,888d8082a3fffff,0,42.912,8.6921,0,74921,7540.1,0,67.906,-7.2656,112.66
62.357,63.974,97.326,2.103,888d8082a5fffff,0,45.042,1.8454,0,49333,7732.3,0,67.9,-7.2592,112.67
62.772,65.118,97.975,1.8315,888d8082a7fffff,0,44.344,1.7481,0,56672,9519.2,0,67.909,-7.2589,112.66
11.615,15.83,32.837,63.782,888d8082a9fffff,0,41.478,25.199,0,39419,2565.8,1211.8,67.886,-7.273,112.67
19.136,26.111,63.227,30.881,888d8082abfffff,0,41.904,18.548,0,66506,5573.3,98.11,67.895,-7.2727,112.66
41.973,47.984,84.815,14.663,888d8082adfffff,0,43.37,13.822,0,72109,8309.7,0,67.889,-7.2662,112.67
12.714,18.005,44.146,49.237,888d8082b1fffff,0,40.859,44.825,0,49247,3359.5,0,67.912,-7.2721,112.65
5.8586,8.0486,26.824,29.263,888d8082b3fffff,0,41.442,17.524,0,19718,1064.5,0,67.92,-7.2718,112.64
8.8731,11.206,22.797,63.871,888d8082b5fffff,0,39.513,48.225,0,22557,1604.6,0,67.914,-7.2653,112.65
5.4376,6.8196,21.682,47.742,888d8082b7fffff,0,41.214,34.064,0,14415,992.2,0,67.923,-7.265,112.64
20.99,29.284,66.592,33.129,888d8082b9fffff,0,42.026,29.865,0,71382,6659.6,0,67.901,-7.2791,112.65
17.454,22.669,47.797,44.041,888d8082bbfffff,0,41.078,36.425,0,45972,4764.7,0,67.909,-7.2788,112.64
18.072,24.142,46.267,49.108,888d8082bdfffff,0,41.208,41.181,0,57190,4067.3,0,67.903,-7.2724,112.65
10.284,13.674,42.404,51.905,888d8082c1fffff,0,42.708,31.243,0,28396,2221.2,1631.3,67.85,-7.3009,112.67
11.972,17.042,47.372,49.506,888d8082c3fffff,0,42.347,26.438,0,45752,2678.5,572.94,67.859,-7.3006,112.67
17.428,20.678,61.269,36.96,888d8082c5fffff,0,41.297,21.187,0,29857,6870.1,0,67.853,-7.2941,112.68
21.3,25.428,69.197,29.917,888d8082c7fffff,0,42.372,22.865,0,41448,9405.1,7134.1,67.862,-7.2938,112.67
39.774,45.903,80.975,16.591,888d8082c9fffff,0,43.581,12.929,0,61839,8058.1,0,67.839,-7.3079,112.68
32.319,39.378,74.678,23.257,888d8082cbfffff,0,42.885,17.251,0,66815,7171.9,367.97,67.848,-7.3077,112.67
16.67,22.851,58.354,39.04,888d8082cdfffff,0,42.055,24.091,0,48111,7570.3,0,67.842,-7.3012,112.68
25.64,30.463,56.13,35.094,888d8082d1fffff,0,41.262,19.767,0,52639,4712,43.324,67.865,-7.3071,112.65
16.601,20.369,36.765,25.213,888d8082d3fffff,0,40.116,20.259,0,36574,2645.6,143.86,67.873,-7.3068,112.64
18.099,24.027,57.685,38.002,888d8082d5fffff,0,41.587,30.104,0,52557,5204.3,0,67.867,-7.3003,112.66
16.245,19.96,42.928,47.829,888d8082d7fffff,0,41.257,39.469,0,32944,4080.7,0,67.876,-7.3,112.65
7.8224,13.791,30.63,44.173,888d8082d9fffff,0,41.505,10.611,0,43728,1273.1,425.48,67.854,-7.3141,112.66
9.8652,11.632,22.863,20.051,888d8082dbfffff,0,40.15,8.339,0,17143,1056.4,1048.2,67.862,-7.3138,112.65
26.599,31.196,64.765,32.501,888d8082ddfffff,0,41.517,15.173,0,48592,6170.6,0,67.856,-7.3074,112.66
41.433,45.693,84.525,13.87,888d8082e1fffff,0,44.346,4.994,0,49206,9864.4,0,67.867,-7.2803,112.68
11.036,13.257,29.319,68.274,888d8082e3fffff,0,41.137,24.577,0,23798,3116.3,18.087,67.875,-7.28,112.67
36.32,43.056,85.067,14.815,888d8082e5fffff,0,44.957,11.4,0,71815,10236,0,67.87,-7.2736,112.69
28.152,34.812,62.621,36.754,888d8082e7fffff,0,42.937,22.328,0,68558,6089.2,11.757,67.878,-7.2733,112.68
8.0451,8.7617,34.574,62.864,888d8082e9fffff,0,40.962,22.505,0,11145,3360.8,0,67.856,-7.2874,112.68
23.563,26.157,77.453,21.75,888d8082ebfffff,0,43.301,15.206,0,44776,5876,145.53,67.864,-7.2871,112.68
35.801,39.803,88.256,11.599,888d8082edfffff,0,43.659,10.834,0,51754,10273,0,67.858,-7.2806,112.69
57.441,59.264,98.441,1.5444,888d808301fffff,0,43.93,1.1637,0,56262,12612,0,67.841,-7.2413,112.75
48.797,50.174,94.051,2.1437,888d808303fffff,0,42.932,2.1322,0,40782,13288,4274.5,67.849,-7.241,112.74
49.814,52.965,94.634,5.3369,888d808305fffff,0,43.7,3.8084,0,55046,8745.8,0,67.843,-7.2345,112.75
64.153,66.981,97.738,2.2621,888d808307fffff,0,44.046,2.2621,0,50281,11894,0,67.852,-7.2342,112.75
59.491,63.495,97.888,2.112,888d808309fffff,0,43.593,2.112,0,59937,10651,5354.8,67.83,-7.2483,112.75
56.623,60.15,96.113,1.2495,888d80830bfffff,0,43.006,1.1914,0,52051,12899,1696,67.838,-7.248,112.74
46.9,49.38,83.763,13.97,888d80830dfffff,0,43.213,8.5134,0,43132,9153.5,0,67.832,-7.2416,112.76
45.628,49.573,92.154,7.7733,888d808311fffff,0,42.59,4.8933,0,61252,11297,0,67.855,-7.2474,112.73
61.098,63.945,98.894,0.64367,888d808313fffff,0,44.217,0.47398,0,47943,10652,0,67.863,-7.2471,112.72
50.466,49.775,96.059,3.8473,888d808315fffff,0,42.852,3.4504,0,42282,13630,3788.4,67.857,-7.2407,112.73
65.466,68.317,99.462,0.53765,888d808317fffff,0,44.179,0.13072,0,58099,10592,0,67.866,-7.2404,112.73
52.997,57.709,97.151,2.791,888d808319fffff,0,42.824,1.556,0,60230,17230,0,67.844,-7.2545,112.73
49.688,51.132,84.766,15.234,888d80831bfffff,0,43.025,14.372,0,40182,9182.9,0,67.852,-7.2542,112.72
43.08,44.874,89.943,8.4479,888d80831dfffff,0,42.47,5.1882,0,46752,13603,10264,67.846,-7.2477,112.74
70.691,76.193,99.985,0.014528,888d808321fffff,0,44.344,0.014528,0,66922,10293,0,67.857,-7.2207,112.76
51.87,55.253,86.465,13.112,888d808323fffff,0,43.376,8.755,0,50000,9128.4,0,67.865,-7.2204,112.75
57.212,62.013,93.384,5.6273,888d808325fffff,21.948,43.497,3.4472,12186,57145,9196.8,0,67.86,-7.2139,112.76
35.842,40.767,62.438,7.7477,888d808327fffff,32.954,42.649,6.7777,3788.2,48501,5958.4,0,67.868,-7.2136,112.75
63.148,68.977,96.917,3.083,888d808329fffff,0,43.834,0.82867,0,77206,10640,0,67.846,-7.2277,112.76
51.461,55.712,81.313,18.687,888d80832bfffff,0,43.439,10.017,0,54114,8230,0,67.854,-7.2274,112.75
62.084,67.46,97.073,1.9823,888d80832dfffff,12.842,43.988,0.17527,5776.4,69013,10634,0,67.848,-7.221,112.76
57.524,60.039,95.426,1.0788,888d808331fffff,0,44.427,1.0643,0,48902,10615,221.93,67.871,-7.2268,112.74
45.779,49.005,96.911,2.7836,888d808333fffff,0.54735,43.855,1.6508,186.63,52277,9528.5,7541.8,67.88,-7.2265,112.73
25.211,27.178,73.143,21.292,888d808335fffff,0,43.751,12.102,0,35460,6919.9,0,67.874,-7.2201,112.74
36.578,40.657,95.939,3.7129,888d808337fffff,0,44.262,2.8706,0,47871,11403,0,67.882,-7.2198,112.73
54.35,55.664,89.704,5.6672,888d808339fffff,0,43.045,5.6237,0,38548,13952,9236.6,67.86,-7.2339,112.74
55.649,57.605,98.064,1.8926,888d80833bfffff,0,43.638,1.6785,0,55689,11444,1444.7,67.869,-7.2336,112.73
59.579,63.742,98.464,1.536,888d80833dfffff,0,44.203,1.0669,0,53549,10664,0,67.863,-7.2271,112.74
62.371,67.996,99.084,0.91583,888d808341fffff,0,43.329,0.74139,0,66408,9636.9,0,67.81,-7.2557,112.76
49.824,53.451,87.51,12.49,888d808343fffff,0,43.153,8.2746,0,53401,9441.1,3864.8,67.818,-7.2554,112.76
54.081,57.097,94.882,5.1179,888d808345fffff,0,42.919,3.6407,0,55910,10074,0,67.813,-7.2489,112.77
65.574,69.252,98.479,1.5214,888d808347fffff,0,43.344,1.1407,0,54774,12601,0,67.821,-7.2486,112.76
59.705,63.676,97.229,2.771,888d808349fffff,0,43.467,1.8886,0,70010,10620,0,67.799,-7.2627,112.77
52.231,56.744,94.898,5.1017,888d80834bfffff,0,43.245,4.9563,0,58277,10351,0,67.807,-7.2624,112.76
55.207,60.912,91.653,8.3466,888d80834dfffff,0,43.681,3.3431,0,67062,10011,0,67.802,-7.256,112.77
33.373,36.151,82.601,11.47,888d808351fffff,0,42.321,9.4793,0,47838,16629,16402,67.824,-7.2618,112.74
61.488,63.239,97.949,1.906,888d808353fffff,0,43.441,1.5717,0,53751,23646,107.82,67.833,-7.2615,112.73
43.095,45.988,93.06,5.9421,888d808355fffff,0,42.395,5.9421,0,44391,12666,12048,67.827,-7.2551,112.75
49.548,53.122,87.247,7.185,888d808357fffff,0,42.443,4.2207,0,50452,12432,4835.7,67.835,-7.2548,112.74
34.399,37.284,87.572,7.4549,888d808359fffff,0,42.018,7.1996,0,45866,15993,11875,67.813,-7.2689,112.75
49.546,52.546,95.257,4.699,888d80835bfffff,0,43.066,4.481,0,53865,14947,3980.7,67.822,-7.2686,112.74
30.635,34.101,84.434,11.214,888d80835dfffff,0,42.607,10.699,0,44070,11312,5399.9,67.816,-7.2621,112.75
56.025,61.815,96.245,3.7401,888d808361fffff,0,42.526,1.2051,0,68479,10160,0,67.826,-7.2351,112.77
66.689,70.341,99.535,0.46503,888d808363fffff,0,43.169,0.29065,0,57299,10554,0,67.835,-7.2348,112.76
44.726,51.323,91.41,8.2844,888d808365fffff,10.695,42.035,3.5805,6438.4,71363,8533.5,0,67.829,-7.2283,112.78
50.246,56.261,93.754,5.6359,888d808367fffff,0,43.015,1.5851,0,67966,9779,0,67.837,-7.228,112.77
60.555,66.327,96.378,3.6216,888d808369fffff,0,42.841,1.293,40.52,74762,9723.4,0,67.815,-7.2421,112.77
67.052,70.503,97.041,2.9591,888d80836bfffff,0,43.25,1.9653,0,55629,10051,0,67.824,-7.2418,112.77
63.391,70.346,99.652,0.34801,888d80836dfffff,35.43,43.481,0,34352,90922,10484,0,67.818,-7.2354,112.78
6.775,7.9695,18.176,7.7811,888d808561fffff,0,35.776,5.675,0,14791,537.03,0,68.003,-7.2288,112.6
11.799,14.804,34.24,12.823,888d808565fffff,0,36.389,2.7124,0,30712,862.11,0,68.006,-7.222,112.61
2.5437,3.3258,6.8576,5.8952,888d808567fffff,0,34.796,4.1876,0,7772.4,164.41,0,68.015,-7.2217,112.6
20.801,24.745,57.519,24.686,888d808569fffff,0,38.687,6.0982,0,44564,2936.2,0,67.992,-7.2359,112.61
6.4981,8.5791,29.756,20.349,888d80856dfffff,0,36.394,3.6598,0,29604,937.53,0,67.995,-7.2291,112.61
13.626,17.907,38.558,41.88,888d80876dfffff,0,40.582,34.149,0,38718,2639.1,0,67.917,-7.2785,112.63
1.2029,2.4099,7.519,3.3875,888d808e41fffff,73.391,36.749,1.1841,8228.6,8662.7,96.039,0,68.006,-7.2021,112.63
0,0,0,0.043491,888d808e49fffff,86.548,36.426,0,0,0,3.3654,0,67.995,-7.2091,112.63
2.2172,2.5484,5.8894,5.6122,888d808e4bfffff,92.038,37.303,1.2031,4073.4,4172.8,118.4,0,68.003,-7.2088,112.63
37.489,41.254,77.977,8.192,888d808e4dfffff,50.964,42.236,0.49289,17063,37509,3397.2,0,67.997,-7.2024,112.64
0,0,0,5.7406,888d808e51fffff,36.863,36.139,0.67848,0,0,0,0,68.02,-7.2082,112.61
0,0,0,3.3271,888d808e53fffff,0,33.931,0.84039,0,0,0,0,68.028,-7.2079,112.6
1.3161,1.3885,2.5327,0.98408,888d808e59fffff,26.275,36.223,0.11595,0,1390.9,61.606,0,68.009,-7.2153,112.61
2.0026,2.5019,5.3106,4.752,888d808e5bfffff,0,34.597,1.3042,0,3660.8,91.078,0,68.017,-7.215,112.6
0,0.072466,0,11.608,888d808e5dfffff,59.158,36.906,2.9421,496.76,496.76,10.184,0,68.011,-7.2085,112.62
13.179,17.283,35.553,60.67,888d809001fffff,100,40.694,3.7054,47520,47520,2804.7,0,67.686,-7.34,112.79
28.157,34.679,69.804,27.751,888d809003fffff,81.118,42.681,12.497,46956,61945,6992.3,0,67.694,-7.3397,112.79
32.656,39.157,75.079,23.525,888d809005fffff,88.67,42.43,6.2182,70303,78629,7600.4,0,67.688,-7.3332,112.8
22.889,27.288,63.558,29.893,888d809007fffff,38.427,42.489,15.172,13769,47945,6844.1,0,67.697,-7.3329,112.79
32.222,37.394,75.076,24.143,888d80900dfffff,87.106,42.764,4.0442,49326,60225,6692.8,0,67.677,-7.3403,112.8
51.098,55.615,92.401,7.518,888d809015fffff,0,44.648,7.3141,0,51404,10136,0,67.702,-7.3394,112.78
40.8,47.454,85.451,13.27,888d809021fffff,73.719,42.684,2.1096,67167,82389,9070.6,2792.4,67.702,-7.3194,112.8
45.794,49.957,90.153,9.7304,888d809023fffff,0,43.537,7.8754,0,45816,10073,9718.6,67.71,-7.3191,112.79
3.0809,4.8276,11.282,18.763,888d809025fffff,100,37.475,7.9448,15271,15271,679.32,0,67.705,-7.3127,112.8
39.61,45.695,83.786,12.946,888d809027fffff,49.763,42.48,5.9686,40501,69596,8275.6,531,67.713,-7.3124,112.8
26.239,35.725,73.602,19.155,888d809029fffff,99.704,41.976,2.2213,96178,96329,7391.2,0,67.691,-7.3265,112.8
37.865,42.702,80.816,18.109,888d80902bfffff,23.5,43.287,5.6735,17242,73709,8429.9,958.18,67.699,-7.3262,112.8
9.4288,13.668,30.299,30.272,888d80902dfffff,100,39.316,1.0338,39790,39790,2291.2,0,67.694,-7.3197,112.81
44.308,47.981,85.595,13.571,888d809031fffff,0,43.736,11.403,0,48142,10047,2494.6,67.716,-7.3256,112.78
54.883,58.596,95.008,4.6722,888d809033fffff,0,44.401,4.0732,0,52396,10294,4107.9,67.725,-7.3253,112.77
38.823,43.596,80.786,18.033,888d809035fffff,0,43.097,7.7737,0,54165,9611.7,1408.1,67.719,-7.3188,112.78
47.244,48.011,78.51,18.806,888d809037fffff,0,44.451,6.2367,0,42880,6829.3,0,67.727,-7.3185,112.78
41.037,44.88,86.28,13.53,888d809039fffff,5.9168,43.517,10.204,4892.8,52649,10494,0,67.705,-7.3326,112.78
51.686,54.493,94.924,5.076,888d80903bfffff,0,44.614,4.0012,0,39358,10938,3164.4,67.713,-7.3323,112.77
36.745,40.873,78.435,19.388,888d80903dfffff,0,42.517,10.182,0,55543,8739.4,1.8484,67.708,-7.3259,112.79
11.58,14.202,34.006,20.073,888d809061fffff,99.549,38.752,3.2329,37017,37017,2134.5,0,67.671,-7.3338,112.81
18.601,24.65,53.119,30.992,888d809063fffff,99.983,40.785,1.722,66895,66895,3644.4,0,67.68,-7.3335,112.81
0,0.082819,0.11652,4.98,888d809065fffff,99.017,36.442,1.1125,644.43,644.43,14.392,0,67.674,-7.327,112.82
2.5131,6.7246,17.647,16.856,888d809067fffff,100,37.864,0.88622,30299,30299,824.66,0,67.682,-7.3267,112.81
0.00034276,0.013253,0.087404,1.1511,888d809069fffff,94.331,33.478,0.59,0,0,11.915,0,67.66,-7.3408,112.82
0.64139,2.2491,5.6482,32.917,888d80906bfffff,92.487,39.01,7.0045,11574,11574,133.56,0,67.669,-7.3405,112.81
0.4213,1.0958,4.2718,4.4397,888d80906dfffff,92.11,34.292,2.1612,4403.4,4403.4,129.71,0,67.663,-7.3341,112.82
44.177,48.66,83.661,12.445,888d809081fffff,0,43.572,9.4797,0,55834,13909,459.28,67.744,-7.3379,112.74
43.659,47.894,85.869,10.74,888d809083fffff,0,43.573,10.278,0,64880,9902.6,3911.9,67.753,-7.3376,112.73
33.276,37.862,76.478,17.223,888d809085fffff,0,43.11,15.592,0,47783,9906.3,0,67.747,-7.3312,112.74
32.326,33.556,82.846,17.018,888d809087fffff,0,42.702,15.397,0,38033,8320.9,5254.6,67.756,-7.3309,112.73
17.545,13.835,66.865,31.857,888d80908bfffff,0,43.573,22.518,0,26271,6119.7,0,67.742,-7.3447,112.73
48.593,53.455,86.691,13.178,888d80908dfffff,0,44.654,12.363,0,54974,9461.4,0,67.736,-7.3382,112.75
41.764,46.719,96.154,3.8463,888d809095fffff,0,43.306,3.8172,0,59775,11567,2694,67.761,-7.3373,112.72
25.773,31.389,83.022,16.094,888d809097fffff,0,42.985,14.854,0,57002,6922.3,3457.1,67.77,-7.337,112.71
39.612,43.405,84.903,15.068,888d80909dfffff,0,43.493,9.7364,0,48541,9474.2,0,67.75,-7.3444,112.72
39.197,43.392,92.331,7.5525,888d8090a1fffff,0,43.193,5.8671,0,47467,11699,0,67.761,-7.3174,112.74
45.92,49.612,86.204,13.651,888d8090a3fffff,0,43.225,11.648,0,55492,7945.1,0,67.769,-7.3171,112.74
47.939,52.739,95.846,4.1539,888d8090a5fffff,0,42.901,3.2475,0,64254,10680,876.17,67.764,-7.3106,112.75
57.25,63.302,98.195,1.6305,888d8090a7fffff,0,43.78,1.2378,0,69126,9708.1,0,67.772,-7.3103,112.74
52.844,56.215,96.824,3.1612,888d8090a9fffff,0,44.596,2.8848,0,52503,11248,0,67.75,-7.3244,112.75
44.15,48.154,93.066,6.9339,888d8090abfffff,0,43.218,6.5541,0,56077,12368,16.379,67.758,-7.3241,112.74
38.632,42.536,91.689,8.2824,888d8090adfffff,0,42.899,8.0053,0,48526,11996,808.7,67.752,-7.3177,112.75
29.018,33.924,78.204,20.836,888d8090b1fffff,0,42.287,17.103,0,58471,8851.5,0,67.775,-7.3235,112.72
31.871,36.936,76.007,23.524,888d8090b3fffff,0,42.798,18.843,0,56672,8189.5,3311.9,67.783,-7.3232,112.72
34.79,37.224,86.681,12.85,888d8090b5fffff,0,42.626,10.41,0,56436,11719,0,67.778,-7.3168,112.73
29.659,34.172,76.3,19.923,888d8090b7fffff,0,42.307,16.083,0,49668,8302.3,2271,67.786,-7.3165,112.72
28.13,32.175,66.338,24.153,888d8090b9fffff,0,41.806,15.623,0,45117,7114.4,1806.1,67.764,-7.3306,112.73
29.471,35.637,81.783,18.217,888d8090bbfffff,0,42.417,16.818,0,66804,8841.2,1790.4,67.772,-7.3303,112.72
31.555,37.025,84.94,14.596,888d8090bdfffff,0,42.221,10.538,0,64743,8436.4,3111.9,67.767,-7.3238,112.73
39.795,41.187,66.42,18.815,888d8090e1fffff,0,43.669,15.424,0,25244,3571.6,0,67.73,-7.3317,112.76
54.878,57.131,93.139,6.8609,888d8090e3fffff,0,45.764,6.7736,0,43935,6770.8,0,67.739,-7.3315,112.75
53.644,54.798,85.562,11.9,888d8090e5fffff,0,45.082,11.377,0,39548,7055,0,67.733,-7.325,112.76
54.325,56.663,86.78,13.22,888d8090e7fffff,0,45.532,10.936,0,42980,6916.9,0,67.741,-7.3247,112.76
45.307,48.242,80.569,17.786,888d8090ebfffff,0,45.178,16.279,0,37650,5887.9,0,67.728,-7.3385,112.75
65.391,67.934,96.173,3.8271,888d8090edfffff,0,45.475,2.7792,0,41876,9168.5,0,67.722,-7.332,112.77
0,0,0,0,888d809101fffff,99.189,33.449,0,0,0,0,0,67.704,-7.2927,112.83
0,0.43404,1.298,28.693,888d809103fffff,98.748,36.143,2.8948,2161.2,2260.5,15.648,15.501,67.713,-7.2924,112.82
0,0,0,0,888d809105fffff,99.43,32.138,0,0,0,0,0,67.707,-7.2859,112.83
0,0,0,16.753,888d809107fffff,91.383,35.612,5.0464,0,0,0.45483,0,67.715,-7.2856,112.82
0.014562,0,0,0,888d809109fffff,100,32.734,0,0,0,2.0578,0,67.693,-7.2997,112.83
0,0,0,9.1393,888d80910bfffff,100,35.314,0.70698,0,0,0.051475,0,67.701,-7.2994,112.82
0,0,0,0,888d80910dfffff,100,31.748,0,0,0,0,0,67.696,-7.293,112.84
5.4603,7.9903,21.344,50.871,888d809111fffff,64.655,39.365,19.685,10333,26062,877.27,874.77,67.718,-7.2989,112.81
8.698,10.772,23.508,41.444,888d809113fffff,87.044,40.344,3.3097,22350,26281,1497,1314.3,67.727,-7.2986,112.8
14.102,19.862,53.562,25.707,888d809115fffff,91.964,40.608,2.1403,55099,62671,2818.7,2699.8,67.721,-7.2921,112.81
24.988,33.003,64.763,28.555,888d809117fffff,65.726,40.8,13.523,54703,81850,6707.2,4060.8,67.729,-7.2918,112.8
9.0645,13.378,30.536,52.879,888d809119fffff,100,39.452,14.233,42571,42571,752.09,0,67.707,-7.3059,112.81
11.418,14.179,35.422,48.981,888d80911bfffff,95.705,40.52,12.369,30390,33744,2505,10.055,67.716,-7.3056,112.8
0.32564,1.7286,5.3867,16.816,888d80911dfffff,96.783,35.984,4.8318,10675,10675,155.8,4.0646,67.71,-7.2991,112.81
0,0,0,1.1562,888d809121fffff,95.384,31.626,0.26476,0,0,0,0,67.72,-7.2721,112.83
0,0,0,0,888d809123fffff,100,31.986,0,0,0,0,0,67.729,-7.2718,112.83
0,0,0,30.236,888d809127fffff,96.932,32.149,20.508,0,0,0,0,67.732,-7.2651,112.83
0,0,0,0,888d809129fffff,94.941,31.449,0,0,0,0,0,67.709,-7.2792,112.84
0,0,0,0,888d80912bfffff,98.993,31.746,0,0,0,0,0,67.718,-7.2789,112.83
12.062,14.152,35.293,58.913,888d809131fffff,86.7,40.823,7.1475,20228,30063,3588.9,2560.9,67.735,-7.2783,112.81
22.439,26.441,64.829,33.374,888d809133fffff,98.821,41.583,18.378,53111,53707,7062.9,4280,67.743,-7.278,112.81
4.8027,7.739,16.341,31.382,888d809135fffff,98.69,36.424,2.0409,23298,24391,1113.3,0,67.737,-7.2715,112.82
7.3737,8.9442,26.597,64.205,888d809137fffff,100,39.747,14.07,20446,20446,1589.2,1149.6,67.746,-7.2712,112.81
3.0489,11.357,24.117,57.593,888d809139fffff,97.745,42.527,0.71476,59315,61159,385.36,322.67,67.724,-7.2853,112.82
7.4703,8.9103,23.062,52.876,888d80913bfffff,96.768,39.517,6.8497,21740,22138,1432.6,241.38,67.732,-7.285,112.81
1.1935,1.7516,3.5943,34.966,888d80913dfffff,100,35.932,2.0009,5640.9,5640.9,108.94,0,67.726,-7.2786,112.82
0.087395,0.043698,0,0.1516,888d809141fffff,97.556,32.475,0,198.7,198.7,14.634,0,67.674,-7.3071,112.84
0,0.014564,0,12.306,888d809143fffff,100,32.88,7.2435,99.352,99.352,4.4512,0,67.682,-7.3068,112.83
0,0,0,0,888d809147fffff,100,32.595,0,0,0,0,0,67.685,-7.3,112.84
0,0,0,0.019421,888d80914bfffff,98.71,32.942,0,0,0,0,0,67.671,-7.3138,112.84
1.2529,1.6832,2.1585,4.4393,888d809151fffff,99.29,35.985,0.71595,3242,3242,65.41,63.859,67.688,-7.3132,112.82
0.18038,0.92119,1.4801,21.058,888d809153fffff,100,37.241,2.7407,6582.6,6582.6,45.015,0,67.696,-7.3129,112.81
0.18931,0.2443,0.23671,12.679,888d809155fffff,98.82,34.844,6.2121,557.54,557.54,15.49,14.054,67.69,-7.3065,112.83
5.4436,7.6854,14.005,22.647,888d809157fffff,100,36.778,7.949,19459,19459,321.92,14.25,67.699,-7.3062,112.82
0,0,0,0.18934,888d809159fffff,92.684,36.137,0.18934,0,0,0.23296,0,67.677,-7.3203,112.82
0.029125,0.26938,0.94901,12.456,888d80915bfffff,100,37.746,1.9951,1501.6,1501.6,31.181,0,67.685,-7.32,112.82
0,0,0,1.6755,888d80915dfffff,94.756,33.779,0,0,0,0,0,67.679,-7.3135,112.83
0,0,0,0,888d809163fffff,98.563,31.695,0,0,0,0,0,67.698,-7.2862,112.84
0,0,0,0.53884,888d80916bfffff,91.677,31.646,0.46603,0,0,0,0,67.687,-7.2933,112.84
44.168,48.255,86.764,13.178,888d809181fffff,0,43.055,10.539,0,51312,10868,106.65,67.763,-7.2906,112.77
52.121,56.639,95.006,4.9942,888d809183fffff,0,43.484,4.7689,0,51591,13060,4889.9,67.772,-7.2903,112.76
46.839,52.236,89.246,10.254,888d809185fffff,0,43.026,5.8013,0,59571,10511,135.72,67.766,-7.2839,112.78
54.19,59.193,95.492,4.5077,888d809187fffff,0,43.55,4.3611,0,51390,11234,0,67.774,-7.2836,112.77
53.235,58.8,95.004,4.9085,888d809189fffff,0,43.443,4.4575,0,53826,11325,38.342,67.752,-7.2977,112.77
46.418,50.604,89.241,10.759,888d80918bfffff,0,43.486,9.9737,0,47396,12381,4013.7,67.76,-7.2974,112.77
35.581,40.138,76.673,20.881,888d80918dfffff,0,41.928,15.606,0,52112,9130.8,8430.4,67.755,-7.2909,112.78
68.922,71.892,99.476,0.52353,888d809191fffff,0,44.363,0.52353,0,41580,11533,0,67.777,-7.2968,112.75
39.638,39.882,79.673,15.578,888d809193fffff,0,42.341,15.345,0,41755,9886,2142.2,67.786,-7.2965,112.74
52.186,55.168,94.999,5.0005,888d809195fffff,0,43.551,4.986,0,39027,12888,421.83,67.78,-7.29,112.76
41.429,42.295,86.438,11.682,888d809197fffff,0,42.677,10.677,0,37410,10306,328.52,67.788,-7.2897,112.75
55.048,58.895,89,3.553,888d809199fffff,0,42.886,3.4219,0,42560,10319,139.68,67.766,-7.3038,112.75
40.33,41.785,79.531,8.4718,888d80919bfffff,0,41.93,6.9633,0,40773,11460,0,67.775,-7.3036,112.75
51.365,54.168,91.082,8.9182,888d80919dfffff,0,43.196,8.2732,0,38651,11376,6106.9,67.769,-7.2971,112.76
43.141,47.104,87.453,12.532,888d8091a1fffff,0,42.895,11.297,0,53885,12642,929.67,67.779,-7.2701,112.78
47.912,52.704,93.497,6.4738,888d8091a3fffff,0,43.395,4.73,0,62479,11941,0,67.788,-7.2698,112.77
26.785,30.208,65.544,30.478,888d8091a5fffff,49.126,41.449,16.251,21287,43952,7386.5,6686.3,67.782,-7.2633,112.78
47.797,52.042,92.88,7.1196,888d8091a7fffff,0,43.18,5.7168,0,57805,10832,51.056,67.791,-7.263,112.77
38.015,43.831,91.399,8.499,888d8091a9fffff,0,42.664,7.0154,0,60795,12372,0,67.768,-7.2771,112.78
42.885,46.605,84.96,15.04,888d8091abfffff,0,42.588,14.249,0,42432,11630,0,67.777,-7.2768,112.77
25.926,29.021,66.936,25.956,888d8091adfffff,29.265,41.899,12.038,3045.6,32328,8056.3,595.77,67.771,-7.2704,112.79
59.409,62.351,96.498,3.5023,888d8091b1fffff,0,43.333,3.4441,0,43220,11406,0,67.794,-7.2762,112.76
46.984,49.196,95.473,4.5271,888d8091b3fffff,0,43.142,4.2799,0,46699,13605,0,67.802,-7.2759,112.75
54.514,59.398,97.111,2.8891,888d8091b5fffff,0,43.472,2.5983,0,67244,10411,0,67.796,-7.2695,112.76
50.893,55.317,92.758,6.6626,888d8091b7fffff,0,43.164,4.4674,0,56159,14915,0,67.805,-7.2692,112.75
57.239,61.758,96.96,3.0399,888d8091b9fffff,0,43.278,2.9235,0,56008,11847,0,67.783,-7.2833,112.76
59.055,63.025,95.05,4.9497,888d8091bbfffff,0,44.12,4.0616,0,51106,10967,0,67.791,-7.283,112.75
56.908,60.942,98.633,1.3671,888d8091bdfffff,0,43.713,1.3671,0,50083,11863,0,67.785,-7.2765,112.77
31.693,36.063,74.871,12.221,888d8091c1fffff,3.0854,41.586,9.5625,1380,46722,8270.3,0,67.733,-7.305,112.79
51.13,55.296,92.826,6.9848,888d8091c3fffff,0,43.699,6.2918,0,58076,10321,0,67.741,-7.3047,112.78
15.258,18.648,41.417,43.353,888d8091c5fffff,50.785,41.096,19.593,15454,31655,6563.4,2808.5,67.735,-7.2983,112.79
31.603,34.575,70.821,22.494,888d8091c7fffff,0,41.786,20.436,0,39056,9520.6,31.232,67.744,-7.298,112.78
23.452,28.411,54.797,41.625,888d8091c9fffff,38.971,40.941,25.042,20206,41874,6210.1,1739,67.721,-7.3121,112.79
25.882,29.744,61.569,29.841,888d8091cbfffff,0,41.775,15.692,0,41218,6266.9,0,67.73,-7.3118,112.78
19.314,21.976,51.456,35.687,888d8091cdfffff,74.126,41.216,15.899,28218,36687,4923,0,67.724,-7.3053,112.79
45.989,48.677,83.68,13.025,888d8091d1fffff,0,43.021,12.051,0,47709,9028,0,67.747,-7.3112,112.76
42.88,47.465,91.19,8.8097,888d8091d3fffff,0,43.014,7.9223,0,64125,10373,9239.5,67.755,-7.3109,112.76
42.705,46.901,89.86,6.9867,888d8091d5fffff,0,43.499,6.3773,0,47789,10887,0,67.749,-7.3044,112.77
51.655,54.75,87.896,6.9346,888d8091d7fffff,0,42.418,6.6058,0,42699,9777.6,687.93,67.758,-7.3041,112.76
45.17,49.03,88.952,10.961,888d8091d9fffff,0,43.981,8.1672,0,51554,10135,0,67.736,-7.3182,112.77
47.94,52.118,95.423,4.5767,888d8091dbfffff,0,44.02,4.1459,0,62006,12944,161.42,67.744,-7.3179,112.76
36.826,37.752,70.52,22.05,888d8091ddfffff,0,43.391,12.448,0,32941,5484.5,0,67.738,-7.3115,112.77
12.946,14.01,27.102,66.321,888d8091e1fffff,64.033,39.337,50.858,5017.9,16622,2715.4,1595,67.749,-7.2845,112.79
42.576,48.857,86.661,13.156,888d8091e3fffff,16.82,43.031,6.9411,10384,54166,10090,33.715,67.757,-7.2842,112.78
18.509,20.575,44.088,50.408,888d8091e5fffff,92.45,40.683,30.478,25410,28524,3706.1,978.82,67.752,-7.2777,112.8
32.976,35.908,68.274,30.358,888d8091e7fffff,26.464,41.883,26.125,3677.2,35896,7108,1520.8,67.76,-7.2774,112.79
23.084,26.101,47.833,29.909,888d8091e9fffff,73.228,40.135,25.452,28701,40153,5718.2,5201.1,67.738,-7.2915,112.8
21.118,23.951,63.738,33.133,888d8091ebfffff,48.841,41.365,16.088,11324,32085,7587.1,1236.6,67.746,-7.2912,112.79
30.263,35.931,63.62,34.818,888d8091edfffff,88.328,41.315,19.772,53671,57783,6998.7,0,67.74,-7.2848,112.8
0,0,0,0.7576,888d809317fffff,80.591,32.007,0.7576,0,0,0,0,67.652,-7.3411,112.83
0,0,0,0.10197,888d809333fffff,84.118,32.9,0.10197,0,0,0,0,67.666,-7.3273,112.83
0,0,0,0,888d809337fffff,93.338,32.79,0,0,0,0,0,67.668,-7.3206,112.83
0,0,0,0,888d80933bfffff,88.306,31.666,0,0,0,0,0,67.655,-7.3344,112.83
3.0601,4.7756,21.808,69.7,888d809501fffff,0,42.014,29.433,0,13492,708.74,0,67.803,-7.3359,112.68
0.58358,2.2703,3.5027,89.058,888d809503fffff,0,39.006,74.699,0,12158,141.32,0,67.812,-7.3356,112.67
31.119,35.791,73.248,21.673,888d809505fffff,0,42.549,14.47,0,54272,6573.6,2587.3,67.806,-7.3291,112.69
18.109,23.779,53.051,37.245,888d809507fffff,0,41.702,26.245,0,52621,3985.1,0,67.815,-7.3288,112.68
36.806,36.617,67.647,27.226,888d809509fffff,0,43.12,18.045,0,18093,3688.8,0,67.792,-7.3429,112.68
17.879,19.941,42.508,53.329,888d80950bfffff,0,42.031,42.54,0,24667,1580.4,0,67.801,-7.3426,112.68
18.603,20.514,62.972,34.768,888d80950dfffff,0,42.835,24.985,0,29771,5132.8,1802.6,67.795,-7.3362,112.69
27.029,27.267,50.437,34.957,888d809511fffff,0,43.589,15.338,0,16608,1095.2,0,67.818,-7.342,112.66
4.1106,3.9507,11.691,39.041,888d809515fffff,0,42.85,26.504,0,3468,171.06,0,67.82,-7.3353,112.67
14.749,16.073,38.83,46.744,888d809517fffff,0,43.317,20.794,0,23050,1748.2,0,67.829,-7.335,112.66
44.723,48.947,89.69,7.7971,888d809519fffff,0,43.179,6.8525,0,55877,6940.8,0,67.806,-7.3491,112.66
27.789,27.066,50.883,42.677,888d80951dfffff,0,43.278,20.699,0,10573,1923.7,0,67.809,-7.3423,112.67
24.326,28.565,67.962,19.039,888d809521fffff,0,42.642,15.226,0,50492,6672.9,0,67.82,-7.3153,112.69
33.858,39.659,87.197,12.097,888d809523fffff,0,42.912,10.446,0,57410,10027,0,67.828,-7.315,112.68
30.373,37.01,68.2,25.377,888d809525fffff,0,42.439,15.54,0,61634,7193.8,0,67.823,-7.3085,112.69
34.731,40.603,72.23,27.288,888d809527fffff,0,42.581,16.714,0,66470,7619.4,0,67.831,-7.3082,112.68
13.59,17.035,35.163,22.552,888d809529fffff,0,39.918,14.029,0,33226,3033,1352.9,67.809,-7.3223,112.69
7.5874,9.0187,18.918,37.422,888d80952bfffff,0,40.41,11.215,0,12786,1507.3,0,67.817,-7.3221,112.68
44.115,47.624,89.457,5.0598,888d80952dfffff,0,43.373,3.5446,0,55101,9181.6,0,67.811,-7.3156,112.7
10.666,15.846,38.362,38.546,888d809531fffff,0,41.693,11.941,0,43509,2895.7,36.968,67.834,-7.3215,112.67
8.9344,11.986,26.442,29.491,888d809533fffff,0,42.077,20.131,0,30043,2747.9,0,67.842,-7.3212,112.66
24.654,28.387,59.431,40.101,888d809535fffff,0,43.024,22.694,0,35376,6339.1,5310.9,67.837,-7.3147,112.67
21.97,28.065,60.698,31.739,888d809537fffff,0,42.79,17.665,0,46340,5669.1,916.05,67.845,-7.3144,112.66
8.3165,11.241,25.582,29.938,888d809539fffff,0,41.399,23.51,0,30647,1835.9,0,67.823,-7.3285,112.67
3.8112,4.6912,11.455,43.514,888d80953bfffff,0,41.924,28.776,0,11952,1039.3,0,67.831,-7.3282,112.66
12.986,17.374,49.515,47.37,888d80953dfffff,0,43.224,15.93,0,40194,2946.2,9.623,67.826,-7.3218,112.68
38.948,39.161,84.737,11.289,888d809547fffff,0,43.77,7.7129,0,40333,6656.6,0,67.784,-7.3432,112.69
53.504,55.611,91.063,5.1269,888d809557fffff,0,43.803,5.0048,0,40563,7910.1,0,67.798,-7.3494,112.67
39.49,43.872,77.616,17.977,888d809561fffff,0,42.932,12.359,0,54768,7640.1,0,67.789,-7.3297,112.7
21.116,29.549,65.016,29.171,888d809563fffff,0,42.831,21.249,0,71216,5159,2912.7,67.798,-7.3294,112.69
45.571,48.427,74.411,15.812,888d809565fffff,0,42.316,9.9827,0,52403,7372,82.521,67.792,-7.3229,112.71
20.778,23.064,41.417,25.45,888d809567fffff,0,39.869,21.318,0,24663,3793.6,0,67.8,-7.3226,112.7
32.714,32.814,70.85,24.567,888d80956bfffff,0,43.507,16.591,0,36086,7502.5,146.63,67.787,-7.3364,112.7
53.417,56.196,90.446,4.7524,888d80956dfffff,0,43.816,3.9052,0,57125,9668.7,1.5258,67.781,-7.33,112.71
10.749,12.889,30.295,43.622,888d8095a5fffff,0,39.629,32.057,0,24483,2082.1,1684.4,67.881,-7.3065,112.64
19.901,25.528,58.877,22.266,888d8095e5fffff,0,42.573,19.038,0,51067,4329.2,4154.8,67.851,-7.3209,112.65
4.1869,5.649,15.969,43.482,888d8095edfffff,0,42.939,21.873,0,14146,1127.2,14.375,67.84,-7.3279,112.65
0.02905,0.00039873,0.02905,0.094157,888d809891fffff,92.319,34.348,0.087151,12.468,12.468,7.6818,0,67.873,-7.2001,112.76
0.014523,0.08714,0.82783,9.2415,888d809893fffff,83.418,35.172,1.7573,198.7,198.7,0,0,67.882,-7.1998,112.75
9.1107,10.188,19.968,13.886,888d809899fffff,84.669,39.187,4.4426,11185,13607,1218.4,0,67.862,-7.2072,112.77
1.9617,2.1516,4.876,5.8814,888d80989bfffff,97.488,38.435,1.1562,1932.5,2031.8,225.76,0,67.871,-7.2069,112.76
19.876,27.838,58.661,27.179,888d8098d1fffff,94.056,40.74,7.2424,63661,68309,4604.4,0,67.843,-7.2145,112.78
54.469,61.819,92.364,2.7486,888d8098d3fffff,75.392,43.231,0.70403,62648,77789,9811.3,0,67.851,-7.2142,112.77
14.813,20.537,40.5,13.196,888d8098d7fffff,82.539,37.933,4.7009,38546,50051,2928.8,0,67.854,-7.2075,112.77
28.772,34.306,66.19,6.0111,888d8098d9fffff,80.152,40.638,0.91613,49321,64591,6064.1,6.9784,67.832,-7.2216,112.78
54.579,62.978,96.636,3.3207,888d8098dbfffff,23.672,42.897,1.0052,28690,92994,9972.5,0,67.84,-7.2213,112.77
18.374,21.229,40.254,24.893,888d809a83fffff,81.761,39.058,16.453,24829,30366,2882.7,0,67.79,-7.243,112.8
10.552,10.16,17.24,71.406,888d809a8bfffff,58.522,38.121,65.759,6139.9,14485,1074.5,0,67.779,-7.2501,112.8
37.097,38.17,68.392,15.516,888d809a91fffff,82.937,40.761,9.0493,28762,37159,7144.2,3930.6,67.796,-7.2495,112.78
59.266,63.313,98.274,1.7261,888d809a93fffff,2.0047,43.191,0.62835,1623.9,63732,11034,88.327,67.804,-7.2492,112.78
15.093,18.35,37.558,17.679,888d809a95fffff,96.044,39.436,7.5377,31306,33244,3113.1,0,67.798,-7.2427,112.79
44.83,49.146,76.407,1.8754,888d809a97fffff,75.289,41.595,1.3811,33797,47049,8769.9,0,67.807,-7.2424,112.78
28.314,34.189,62.97,26.063,888d809a99fffff,87.791,41.812,2.2191,47728,56525,6300.1,4530,67.785,-7.2565,112.79
37.666,44.518,85.064,14.791,888d809a9bfffff,63.685,42.193,8.4711,44872,74230,9235.4,2101.1,67.793,-7.2563,112.78
25.076,28.623,72.953,21.39,888d809a9dfffff,82.477,41.517,9.3558,29468,41767,7134.5,0,67.787,-7.2498,112.79
7.7425,10.662,25.477,24.792,888d809ab1fffff,91.749,36.063,7.9444,24099,27835,1791.9,102.03,67.812,-7.2289,112.79
34.267,44.985,83.377,15.329,888d809ab3fffff,97.288,41.417,2.0153,97894,1.0001e+05,8097,2803.6,67.821,-7.2286,112.78
17.645,20.611,45.289,19.071,888d809ab9fffff,84.689,38.028,14.319,25033,30374,5003,0,67.801,-7.236,112.79
12.984,15.545,31.162,8.7943,888d809abbfffff,99.688,39.471,4.5498,25342,25743,2995.7,0,67.809,-7.2357,112.79
0,0,0,0.60587,888d809ac1fffff,100,32.541,0,0,0,0,0,67.751,-7.2577,112.82
1.9228,2.5603,6.238,9.8211,888d809ac3fffff,98.73,34.09,2.007,6484,6484,360.49,60.313,67.759,-7.2574,112.81
0,0,0,0,888d809ac9fffff,93.471,32.138,0,0,0,0,0,67.74,-7.2648,112.82
0.087304,0.043652,0.68223,20.038,888d809acbfffff,94.522,34.185,0.93809,99.352,99.352,45.153,40.889,67.748,-7.2645,112.81
0,0,0,16.188,888d809acdfffff,100,32.405,6.2333,0,0,0,0,67.743,-7.258,112.83
47.972,52.202,92.911,6.9147,888d809ad1fffff,54.309,43.463,5.2716,27857,51471,10757,0,67.765,-7.2639,112.8
38.531,42.292,73.885,20.885,888d809ad3fffff,55.25,42.288,6.2925,21850,40255,8733,1385,67.774,-7.2636,112.79
2.3287,2.7426,9.9203,57.686,888d809ad5fffff,94.461,38.379,30.609,4934.1,5648.6,605.19,0,67.768,-7.2571,112.8
30.252,34.3,66.044,27.062,888d809ad7fffff,69,42.131,8.2182,27502,44761,7665.8,22.127,67.776,-7.2568,112.8
21.496,23.817,47.118,25.648,888d809ad9fffff,98.82,40.545,17.271,32606,33500,5552.4,1950.7,67.754,-7.2709,112.8
40.7,44.901,89.865,10.015,888d809adbfffff,84.569,43.8,5.1579,44468,52563,10005,0,67.763,-7.2707,112.79
19.968,25.906,58.605,39.237,888d809addfffff,94.95,41.802,15.369,55118,57801,5974.2,3632.4,67.757,-7.2642,112.81
