LiDAR 1 m (3DEP 2016),SRTM 30 m (2000),Copernicus 30 m,distance_m
260.63,254,267.54,0
260.04,254,267.54,5.0177
259.95,254,263.86,10.035
259.6,254,263.86,15.053
259.64,254,263.86,20.071
259.58,250,263.86,25.089
259.43,250,263.86,30.106
259.21,250,263.86,35.124
258.64,250,263.86,40.142
257.28,250,263.86,45.16
256.03,250,263.86,50.177
254.84,246,263.86,55.195
253.4,246,263.86,60.213
252.2,246,263.86,65.231
250.83,246,257.7,70.248
248.69,246,257.7,75.266
245.99,246,257.7,80.284
243.17,242,257.7,85.302
241.31,242,257.7,90.319
240.36,242,257.7,95.337
239.91,242,255.02,100.35
240.64,242,255.02,105.37
241.22,242,255.02,110.39
240.85,238,255.02,115.41
240.55,238,255.02,120.43
240.37,238,255.02,125.44
240.05,238,252.7,130.46
238.8,238,252.7,135.48
238.14,238,252.7,140.5
237.83,233,252.7,145.51
237.43,233,252.7,150.53
237.11,233,252.7,155.55
237.03,233,247.01,160.57
236.73,233,247.01,165.59
236.15,233,247.01,170.6
235.53,230,247.01,175.62
235.02,230,247.01,180.64
234.79,230,247.01,185.66
234.7,230,243.46,190.67
234.6,230,243.46,195.69
234.19,230,243.46,200.71
234.4,227,243.46,205.73
234.01,227,243.46,210.75
234.09,227,243.46,215.76
234.16,227,243.3,220.78
234.42,227,243.3,225.8
233.92,227,243.3,230.82
233.16,223,243.3,235.83
233.15,223,243.3,240.85
232.94,223,243.3,245.87
232.32,223,241.73,250.89
232.5,223,241.73,255.9
232.14,223,241.73,260.92
231.63,218,241.73,265.94
231.37,218,241.73,270.96
230.98,218,241.73,275.98
229.34,218,233.57,280.99
226.36,218,233.57,286.01
225,218,233.57,291.03
222.53,213,233.57,296.05
218.79,213,233.57,301.06
215.1,213,233.57,306.08
211.34,213,222.65,311.1
207.83,213,222.65,316.12
206.1,213,222.65,321.14
203.41,206,222.65,326.15
201.66,206,222.65,331.17
200.22,206,222.65,336.19
198.25,206,222.89,341.21
195.87,206,222.89,346.22
193.02,206,222.89,351.24
189.99,197,222.89,356.26
187.49,197,222.89,361.28
185.94,197,222.89,366.3
184.73,197,211.02,371.31
182.91,197,211.02,376.33
182.04,197,211.02,381.35
180.72,188,211.02,386.37
179.09,188,211.02,391.38
178.12,188,211.02,396.4
176.81,188,197.96,401.42
175.45,188,197.96,406.44
174.2,188,197.96,411.45
173.17,179,197.96,416.47
173.14,179,197.96,421.49
172.69,179,197.96,426.51
172.27,179,184.57,431.53
172.13,179,184.57,436.54
171.4,179,184.57,441.56
169.93,174,184.57,446.58
168.18,174,184.57,451.6
166.53,174,184.57,456.61
165.83,174,174.36,461.63
164.51,174,174.36,466.65
162.02,174,174.36,471.67
159.84,165,174.36,476.69
157.44,165,174.36,481.7
154.85,165,174.36,486.72
153.75,165,172.99,491.74
152.37,165,172.99,496.76
151.59,165,172.99,501.77
150.71,157,172.99,506.79
149.98,157,172.99,511.81
148.84,157,172.99,516.83
146.69,157,162.87,521.84
145.79,157,162.87,526.86
142.96,157,162.87,531.88
140.98,152,162.87,536.9
140.33,152,162.87,541.92
139.24,152,162.87,546.93
137.54,152,145.83,551.95
137.71,152,145.83,556.97
138.3,152,145.83,561.99
139,152,145.83,567
138.9,152,145.83,572.02
139.09,152,145.83,577.04
141.15,152,158.52,582.06
143.74,152,158.52,587.08
144.54,152,158.52,592.09
146.08,155,158.52,597.11
147.07,155,158.52,602.13
147.92,155,158.52,607.15
149.05,155,173.64,612.16
150.42,155,173.64,617.18
152.47,155,173.64,622.2
153.59,166,173.64,627.22
154.54,166,173.64,632.24
155.8,166,173.64,637.25
158.09,166,183.72,642.27
158.89,166,183.72,647.29
159.96,166,183.72,652.31
161.93,176,183.72,657.32
164.93,176,183.72,662.34
165.75,176,183.72,667.36
166.79,176,197.07,672.38
167.91,176,197.07,677.39
169.73,176,197.07,682.41
171.39,186,197.07,687.43
172.25,186,197.07,692.45
173.44,186,203.83,697.47
174.1,186,203.83,702.48
174.33,186,203.83,707.5
174.51,186,203.83,712.52
174.4,195,203.83,717.54
176.17,195,203.83,722.55
176.19,195,205.98,727.57
176.69,195,205.98,732.59
177.06,195,205.98,737.61
176.53,198,205.98,742.63
177.65,198,205.98,747.64
178.49,198,205.98,752.66
179.22,198,206.4,757.68
181.02,198,206.4,762.7
181.62,198,206.4,767.71
181.92,197,206.4,772.73
183.31,197,206.4,777.75
183.1,197,206.4,782.77
183.42,197,206.71,787.79
183.13,197,206.71,792.8
183.94,197,206.71,797.82
184.81,197,206.71,802.84
185.86,197,206.71,807.86
185.64,197,206.71,812.87
184.87,197,206.94,817.89
184.47,197,206.94,822.91
184.13,197,206.94,827.93
183.41,195,206.94,832.94
183.09,195,206.94,837.96
182.87,195,206.94,842.98
182.7,195,207.39,848
182.51,195,207.39,853.02
182.21,195,207.39,858.03
182.24,194,207.39,863.05
182.57,194,207.39,868.07
182.66,194,207.39,873.09
181.91,194,205.97,878.1
181.63,194,205.97,883.12
182.3,194,205.97,888.14
183.03,195,205.97,893.16
182.53,195,205.97,898.18
182.5,195,205.97,903.19
181.68,195,204.45,908.21
180.93,195,204.45,913.23
181.77,195,204.45,918.25
182.42,194,204.45,923.26
182.51,194,204.45,928.28
182.03,194,204.45,933.3
180.75,194,203.31,938.32
180.1,194,203.31,943.34
180.45,194,203.31,948.35
180.32,193,203.31,953.37
180.22,193,203.31,958.39
178.7,193,203.31,963.41
179.19,193,200.84,968.42
178.14,193,200.84,973.44
177.04,193,200.84,978.46
175.61,192,200.84,983.48
175.12,192,200.84,988.49
175.54,192,200.84,993.51
175.69,192,199.7,998.53
174.06,192,199.7,1003.5
173.13,192,199.7,1008.6
172.54,192,199.7,1013.6
172.94,192,199.7,1018.6
173.06,192,199.7,1023.6
172.29,192,197.05,1028.6
171.19,192,197.05,1033.7
170.2,192,197.05,1038.7
170.14,189,197.05,1043.7
169.91,189,197.05,1048.7
170.8,189,197.05,1053.7
170.77,189,197.05,1058.7
169.99,189,197.05,1063.8
169.17,189,197.05,1068.8
168.74,188,197.05,1073.8
167.75,188,197.05,1078.8
167.42,188,197.05,1083.8
166.87,188,193.88,1088.8
167.71,188,193.88,1093.9
168.42,188,193.88,1098.9
167.74,187,193.88,1103.9
167.72,187,193.88,1108.9
167.22,187,193.88,1113.9
165.59,187,194.05,1119
165.26,187,194.05,1124
165.85,187,194.05,1129
166.32,186,194.05,1134
165.52,186,194.05,1139
164.47,186,194.05,1144
164.54,186,192.25,1149.1
164.68,186,192.25,1154.1
165.25,186,192.25,1159.1
167.81,183,192.25,1164.1
169.2,183,192.25,1169.1
169.74,183,192.25,1174.2
169.61,183,192.95,1179.2
169.62,183,192.95,1184.2
169.25,183,192.95,1189.2
169.56,179,192.95,1194.2
169.5,179,192.95,1199.2
169.69,179,192.95,1204.3
169.5,179,189.23,1209.3
170.1,179,189.23,1214.3
167.61,179,189.23,1219.3
163.63,177,189.23,1224.3
161.56,177,189.23,1229.3
159,177,189.23,1234.4
156.12,177,165.93,1239.4
153.93,177,165.93,1244.4
151.44,177,165.93,1249.4
151.05,173,165.93,1254.4
150.83,173,165.93,1259.5
150.85,173,165.93,1264.5
152.2,173,154.98,1269.5
155.34,173,154.98,1274.5
157.06,173,154.98,1279.5
158.31,166,154.98,1284.5
158.35,166,154.98,1289.6
155.92,166,154.98,1294.6
154.46,166,151.85,1299.6
153.42,166,151.85,1304.6
152.87,166,151.85,1309.6
150.73,157,151.85,1314.6
147.84,157,151.85,1319.7
148.59,157,151.85,1324.7
147.8,157,148.89,1329.7
146.61,157,148.89,1334.7
146.56,157,148.89,1339.7
145.73,152,148.89,1344.8
145.73,152,148.89,1349.8
146.01,152,148.89,1354.8
144.74,152,140.08,1359.8
144.04,152,140.08,1364.8
141.97,152,140.08,1369.8
138.87,147,140.08,1374.9
135.8,147,140.08,1379.9
132.53,147,140.08,1384.9
130.87,147,130.48,1389.9
130.46,147,130.48,1394.9
128.49,147,130.48,1399.9
128.47,141,130.48,1405
129.13,141,130.48,1410
130.56,141,130.48,1415
130.26,141,128.64,1420
130.39,141,128.64,1425
129.48,141,128.64,1430.1
129.38,132,128.64,1435.1
127.86,132,128.64,1440.1
126.26,132,128.64,1445.1
124.93,132,126.33,1450.1
123.58,132,126.33,1455.1
122.85,132,126.33,1460.2
122.07,125,126.33,1465.2
119.84,125,126.33,1470.2
119.31,125,126.33,1475.2
117.9,125,120.25,1480.2
116.03,125,120.25,1485.3
114.79,125,120.25,1490.3
115.41,117,120.25,1495.3
114.25,117,120.25,1500.3
113.14,117,120.25,1505.3
113.77,117,115.84,1510.3
115.07,117,115.84,1515.4
114.91,117,115.84,1520.4
114.26,105,115.84,1525.4
113.51,105,115.84,1530.4
114.05,105,115.84,1535.4
113.47,105,108.3,1540.4
113.59,105,108.3,1545.5
113.12,105,108.3,1550.5
112.55,105,108.3,1555.5
112.35,105,108.3,1560.5
109.45,105,108.3,1565.5
106.79,105,98.921,1570.6
104.15,105,98.921,1575.6
101.31,105,98.921,1580.6
100.56,97,98.921,1585.6
99.504,97,98.921,1590.6
99.316,97,98.921,1595.6
98.753,97,91.375,1600.7
98.651,97,91.375,1605.7
96.275,97,91.375,1610.7
94.993,93,91.375,1615.7
95.186,93,91.375,1620.7
94.453,93,91.375,1625.7
94.477,93,87.861,1630.8
94.122,93,87.861,1635.8
93.633,93,87.861,1640.8
93.412,89,87.861,1645.8
92.141,89,87.861,1650.8
91.663,89,87.861,1655.9
90.912,89,86.107,1660.9
90.487,89,86.107,1665.9
89.663,89,86.107,1670.9
88.17,85,86.107,1675.9
87.656,85,86.107,1680.9
87.514,85,86.107,1686
87.356,85,84.756,1691
87.246,85,84.756,1696
87.184,85,84.756,1701
86.612,81,84.756,1706
86.43,81,84.756,1711
86.204,81,84.756,1716.1
86.324,81,83.319,1721.1
86.236,81,83.319,1726.1
87.429,81,83.319,1731.1
88.985,78,83.319,1736.1
89.515,78,83.319,1741.2
90.089,78,83.319,1746.2
91.444,78,82.872,1751.2
92.492,78,82.872,1756.2
92.817,78,82.872,1761.2
93.404,76,82.872,1766.2
94.081,76,82.872,1771.3
93.731,76,82.872,1776.3
94.031,76,81.463,1781.3
93.271,76,81.463,1786.3
92.34,76,81.463,1791.3
88.891,82,81.463,1796.4
85.148,82,81.463,1801.4
85.092,82,81.463,1806.4
85.218,82,80.572,1811.4
86.175,82,80.572,1816.4
86.205,82,80.572,1821.4
85.767,83,80.572,1826.5
85.135,83,80.572,1831.5
84.081,83,80.572,1836.5
84.125,83,79.891,1841.5
84.609,83,79.891,1846.5
84.449,83,79.891,1851.5
84.263,79,79.891,1856.6
85.117,79,79.891,1861.6
86.007,79,79.891,1866.6
86.915,79,78.404,1871.6
87.322,79,78.404,1876.6
84.494,79,78.404,1881.7
80.375,77,78.404,1886.7
78.797,77,78.404,1891.7
78.797,77,78.404,1896.7
78.797,77,76.681,1901.7
78.797,77,76.681,1906.7
78.797,77,76.681,1911.8
78.797,75,76.681,1916.8
78.797,75,76.681,1921.8
78.797,75,76.681,1926.8
78.797,75,75.5,1931.8
78.797,75,75.5,1936.8
78.797,75,75.5,1941.9
78.786,75,75.5,1946.9
78.744,75,75.5,1951.9
78.729,75,75.5,1956.9
78.711,75,75.5,1961.9
79.203,75,75.5,1967
80.357,75,75.5,1972
82.889,77,75.5,1977
84.523,77,75.5,1982
84.496,77,75.5,1987
84.454,77,75.5,1992
84.445,77,75.5,1997.1
83.973,77,75.5,2002.1
83.98,79,75.5,2007.1
83.978,79,75.5,2012.1
84.078,79,75.5,2017.1
84.843,79,75.5,2022.1
84.679,79,75.5,2027.2
85.443,79,75.5,2032.2
85.804,84,75.5,2037.2
84.856,84,75.5,2042.2
85.183,84,75.5,2047.2
85.418,84,75.5,2052.3
85.746,84,75.5,2057.3
86.565,84,75.5,2062.3
86.404,87,75.5,2067.3
85.963,87,75.5,2072.3
86.689,87,75.5,2077.3
86.85,87,94.66,2082.4
86.857,87,94.66,2087.4
86.8,87,94.66,2092.4
87.18,90,94.66,2097.4
87.305,90,94.66,2102.4
86.159,90,95.91,2107.5
84.106,90,95.91,2112.5
85.428,90,95.91,2117.5
85.873,90,95.91,2122.5
86.161,91,95.91,2127.5
86.842,91,95.91,2132.5
86.62,91,98.61,2137.6
85.802,91,98.61,2142.6
86.176,91,98.61,2147.6
87.731,90,98.61,2152.6
88.463,90,98.61,2157.6
88.749,90,98.61,2162.6
88.261,90,96.116,2167.7
87.364,90,96.116,2172.7
86.694,90,96.116,2177.7
87.035,88,96.116,2182.7
84.438,88,96.116,2187.7
87.362,88,96.116,2192.8
88.417,88,90.062,2197.8
86.808,88,90.062,2202.8
84.084,88,90.062,2207.8
84.275,88,90.062,2212.8
84.915,88,90.062,2217.8
83.711,88,90.062,2222.9
83.596,88,94.168,2227.9
85.111,88,94.168,2232.9
83.679,88,94.168,2237.9
84.553,86,94.168,2242.9
85.021,86,94.168,2247.9
82.954,86,94.168,2253
81.511,86,93.946,2258
81.318,86,93.946,2263
81.002,86,93.946,2268
80.972,85,93.946,2273
80.903,85,93.946,2278.1
80.96,85,93.946,2283.1
81.036,85,91.819,2288.1
81.136,85,91.819,2293.1
81.466,85,91.819,2298.1
81.389,86,91.819,2303.1
81.357,86,91.819,2308.2
81.251,86,91.819,2313.2
81.374,86,84.084,2318.2
81.923,86,84.084,2323.2
82.26,86,84.084,2328.2
81.994,85,84.084,2333.2
81.801,85,84.084,2338.3
81.785,85,84.084,2343.3
82.088,85,89.165,2348.3
81.955,85,89.165,2353.3
82.197,85,89.165,2358.3
82.299,82,89.165,2363.4
82.003,82,89.165,2368.4
81.316,82,89.165,2373.4
81.421,82,88.212,2378.4
81.073,82,88.212,2383.4
80.749,82,88.212,2388.4
80.686,82,88.212,2393.5
80.512,82,88.212,2398.5
80.537,82,88.212,2403.5
80.532,82,88.76,2408.5
81.034,82,88.76,2413.5
81.651,82,88.76,2418.6
81.712,83,88.76,2423.6
81.42,83,88.76,2428.6
80.285,83,88.76,2433.6
80.567,83,89.9,2438.6
82.285,83,89.9,2443.6
82.5,83,89.9,2448.7
82.135,82,89.9,2453.7
81.214,82,89.9,2458.7
80.485,82,89.9,2463.7
80.833,82,87.914,2468.7
83.266,82,87.914,2473.7
83.824,82,87.914,2478.8
83.625,80,87.914,2483.8
83.367,80,87.914,2488.8
82.922,80,87.914,2493.8
82.084,80,81.088,2498.8
81.806,80,81.088,2503.9
81.976,80,81.088,2508.9
82.085,78,81.088,2513.9
81.008,78,81.088,2518.9
80.436,78,81.088,2523.9
80.478,78,79.582,2528.9
80.956,78,79.582,2534
80.662,78,79.582,2539
81.143,79,79.582,2544
81.76,79,79.582,2549
81.561,79,79.582,2554
80.96,79,80.588,2559
80.76,79,80.588,2564.1
80.793,79,80.588,2569.1
80.795,79,80.588,2574.1
80.794,79,80.588,2579.1
81.078,79,80.588,2584.1
81.364,79,79.881,2589.2
81.593,79,79.881,2594.2
81.679,79,79.881,2599.2
81.677,81,79.881,2604.2
81.718,81,79.881,2609.2
81.658,81,79.881,2614.2
81.586,81,84.129,2619.3
81.512,81,84.129,2624.3
81.42,81,84.129,2629.3
81.267,83,84.129,2634.3
81.227,83,84.129,2639.3
81.473,83,84.129,2644.3
81.63,83,88.06,2649.4
81.613,83,88.06,2654.4
81.544,83,88.06,2659.4
81.527,82,88.06,2664.4
81.816,82,88.06,2669.4
81.919,82,88.06,2674.5
81.813,82,91.431,2679.5
81.985,82,91.431,2684.5
81.947,82,91.431,2689.5
81.954,84,91.431,2694.5
81.942,84,91.431,2699.5
82.078,84,91.431,2704.6
83.303,84,90.852,2709.6
83.617,84,90.852,2714.6
82.925,84,90.852,2719.6
82.522,90,90.852,2724.6
82.525,90,90.852,2729.7
85.247,90,90.852,2734.7
88.871,90,96.83,2739.7
92.511,90,96.83,2744.7
95.603,90,96.83,2749.7
93.303,96,96.83,2754.7
95.581,96,96.83,2759.8
100.42,96,96.83,2764.8
102.49,96,107.6,2769.8
104.42,96,107.6,2774.8
105.23,96,107.6,2779.8
106.13,108,107.6,2784.8
108.19,108,107.6,2789.9
109.86,108,107.6,2794.9
111.58,108,131.17,2799.9
113.01,108,131.17,2804.9
113.14,108,131.17,2809.9
114.3,124,131.17,2815
115.58,124,131.17,2820
115.84,124,131.17,2825
116.34,124,141.51,2830
116.08,124,141.51,2835
116.65,124,141.51,2840
117.58,134,141.51,2845.1
118.62,134,141.51,2850.1
119.53,134,141.51,2855.1
120.09,134,132.51,2860.1
121.37,134,132.51,2865.1
119.82,134,132.51,2870.1
114.32,136,132.51,2875.2
111.79,136,132.51,2880.2
111.77,136,132.51,2885.2
112.32,136,125.74,2890.2
112.79,136,125.74,2895.2
112.91,136,125.74,2900.3
113.19,133,125.74,2905.3
114.04,133,125.74,2910.3
114.7,133,125.74,2915.3
114.66,133,121.12,2920.3
114.29,133,121.12,2925.3
114.61,133,121.12,2930.4
114.48,131,121.12,2935.4
114.63,131,121.12,2940.4
115.9,131,121.12,2945.4
116.59,131,129,2950.4
118.11,131,129,2955.4
118.79,131,129,2960.5
118.83,135,129,2965.5
119.69,135,129,2970.5
120.28,135,129,2975.5
121.27,135,137.98,2980.5
122.59,135,137.98,2985.6
122.83,135,137.98,2990.6
123.43,142,137.98,2995.6
124.71,142,137.98,3000.6
125.94,142,137.98,3005.6
